Minutes,Minutes/Game,Points/32,Assists/32,Rebounds/32,Steals/32,turnsover/32,Fouls/32
664,28.9,46.7,0.6,13.4,1.7,3.1,2.2
597,28.4,37.1,3.6,12.0,3.2,3.6,2.8
495,19.8,34.3,2.3,17.8,2.3,5.2,3.9
685,28.5,33.9,2.1,5.4,2.3,1.7,2.3
631,28.7,33.1,4.0,5.5,2.2,3.3,2.2
940,31.3,32.3,5.5,4.7,2.1,2.2,1.6
876,27.4,30.3,3.4,4.6,3.2,2.0,3.5
628,26.2,29.3,2.4,10.8,2.5,3.3,1.9
626,24.1,29.2,4.4,8.3,3.4,2.3,3.3
815,27.2,29.1,4.9,10.6,2.6,2.7,2.6
319,15.2,29.1,6.8,13.6,3.1,3.8,4.6
520,28.9,29.0,4.1,6.0,5.5,3.0,1.9
303,15.9,28.5,2.6,11.0,3.7,3.9,4.1
536,29.8,27.7,9.4,8.0,3.7,2.1,2.6
709,27.3,27.7,1.9,15.1,1.9,2.4,2.2
354,20.8,27.5,3.3,14.0,4.8,4.2,2.9
629,26.2,27.3,3.5,6.1,2.3,2.0,2.2
498,29.3,27.1,3.4,6.7,1.4,3.5,3.1
330,13.8,27.1,6.4,15.9,4.7,8.0,5.6
465,27.4,26.2,2.5,7.6,1.7,3.3,1.7
516,27.2,25.8,4.0,5.5,3.5,2.8,1.7
653,27.2,25.6,4.1,10.2,2.4,5.7,2.5
630,31.5,25.6,2.3,7.5,4.5,2.2,1.7
419,24.6,25.5,2.7,8.7,3.5,2.4,1.9
622,31.1,25.3,4.8,6.6,4.1,2.4,1.8
548,24.9,25.2,3.6,5.7,2.5,4.9,2.4
722,28.9,25.1,3.2,5.1,2.2,2.6,2.3
435,21.8,25.1,1.5,7.1,1.5,3.0,3.5
448,26.4,24.9,5.9,7.4,3.0,3.6,2.1
681,29.6,24.5,3.4,6.6,3.2,4.8,2.3
766,29.5,24.5,5.2,6.2,4.3,3.3,3.0
624,26.0,24.4,3.3,10.2,1.5,5.7,3.4
716,29.8,24.4,2.3,5.5,2.1,1.1,2.0
350,20.6,24.3,2.7,9.4,3.6,3.6,4.8
732,33.3,24.3,4.0,6.2,2.4,2.5,1.8
380,19.0,23.9,5.0,9.8,6.0,6.0,4.4
664,28.9,46.7,0.6,13.4,1.7,3.1,2.2
597,28.4,37.1,3.6,12.0,3.2,3.6,2.8
495,19.8,34.3,2.3,17.8,2.3,5.2,3.9
685,28.5,33.9,2.1,5.4,2.3,1.7,2.3
631,28.7,33.1,4.0,5.5,2.2,3.3,2.2
940,31.3,32.3,5.5,4.7,2.1,2.2,1.6
876,27.4,30.3,3.4,4.6,3.2,2.0,3.5
628,26.2,29.3,2.4,10.8,2.5,3.3,1.9
626,24.1,29.2,4.4,8.3,3.4,2.3,3.3
815,27.2,29.1,4.9,10.6,2.6,2.7,2.6
319,15.2,29.1,6.8,13.6,3.1,3.8,4.6
520,28.9,29.0,4.1,6.0,5.5,3.0,1.9
303,15.9,28.5,2.6,11.0,3.7,3.9,4.1
536,29.8,27.7,9.4,8.0,3.7,2.1,2.6
709,27.3,27.7,1.9,15.1,1.9,2.4,2.2
354,20.8,27.5,3.3,14.0,4.8,4.2,2.9
629,26.2,27.3,3.5,6.1,2.3,2.0,2.2
498,29.3,27.1,3.4,6.7,1.4,3.5,3.1
330,13.8,27.1,6.4,15.9,4.7,8.0,5.6
465,27.4,26.2,2.5,7.6,1.7,3.3,1.7
516,27.2,25.8,4.0,5.5,3.5,2.8,1.7
653,27.2,25.6,4.1,10.2,2.4,5.7,2.5
630,31.5,25.6,2.3,7.5,4.5,2.2,1.7
419,24.6,25.5,2.7,8.7,3.5,2.4,1.9
622,31.1,25.3,4.8,6.6,4.1,2.4,1.8
548,24.9,25.2,3.6,5.7,2.5,4.9,2.4
722,28.9,25.1,3.2,5.1,2.2,2.6,2.3
435,21.8,25.1,1.5,7.1,1.5,3.0,3.5
448,26.4,24.9,5.9,7.4,3.0,3.6,2.1
681,29.6,24.5,3.4,6.6,3.2,4.8,2.3
766,29.5,24.5,5.2,6.2,4.3,3.3,3.0
624,26.0,24.4,3.3,10.2,1.5,5.7,3.4
716,29.8,24.4,2.3,5.5,2.1,1.1,2.0
350,20.6,24.3,2.7,9.4,3.6,3.6,4.8
732,33.3,24.3,4.0,6.2,2.4,2.5,1.8
380,19.0,23.9,5.0,9.8,6.0,6.0,4.4
562,25.5,23.9,8.5,5.4,7.2,5.2,2.8
490,28.8,23.7,11.3,8.8,5.0,3.9,2.4
616,26.8,23.7,3.0,8.5,3.2,3.9,2.9
722,31.4,23.6,1.4,6.3,2.8,4.1,1.6
507,26.7,23.6,7.3,11.2,3.5,3.1,1.6
546,27.3,23.4,2.5,12.4,2.9,2.0,2.2
349,19.4,23.4,0.1,18.3,1.9,4.6,4.9
504,26.5,23.3,1.5,8.8,2.9,2.9,2.3
715,25.5,23.1,3.9,9.7,3.1,5.5,3.7
315,13.7,23.0,2.5,9.3,1.8,3.3,0.2
735,29.4,22.9,3.3,10.7,1.1,1.9,2.9
536,24.4,22.6,2.1,7.8,2.7,2.7,3.1
709,29.5,22.6,3.8,3.7,2.2,2.8,1.7
709,24.4,22.4,2.0,5.0,1.8,2.8,2.8
366,21.5,22.4,5.8,6.1,2.0,4.8,2.9
335,14.6,22.4,2.0,11.5,1.8,4.2,0.5
849,29.3,22.3,5.1,8.1,2.5,4.0,2.1
512,24.4,22.2,4.4,12.6,2.9,5.6,4.1
501,26.4,22.2,2.1,9.2,0.3,3.6,2.4
541,30.1,22.1,2.4,10.8,3.3,4.2,3.4
688,28.7,22.0,3.4,7.7,1.1,1.2,1.9
528,25.1,22.0,0.7,5.5,1.3,1.2,2.2
530,31.2,22.0,3.5,5.9,3.6,4.3,2.5
401,20.1,21.9,1.4,6.4,3.1,3.6,3.0
481,28.3,21.9,2.1,3.3,1.7,2.9,2.5
518,30.5,21.8,2.5,7.3,2.7,3.2,1.4
647,25.9,21.8,3.9,6.2,2.1,4.1,3.6
442,26.0,21.7,2.5,13.9,0.8,3.6,2.0
537,25.6,21.7,2.9,14.0,2.1,3.5,2.8
543,25.9,21.7,5.0,11.2,3.1,3.9,2.2
529,27.8,21.5,3.3,3.9,1.5,4.8,2.7
726,27.9,21.5,3.4,5.6,2.7,4.2,2.8
821,28.3,21.4,2.2,5.4,1.7,2.9,1.6
640,32.0,21.3,2.3,10.3,2.6,3.0,2.0
456,26.8,21.3,1.1,8.3,1.1,3.4,2.5
846,33.8,21.2,1.6,5.3,1.6,1.7,2.1
664,28.9,21.2,2.5,10.1,1.4,2.8,2.6
468,27.5,21.1,3.4,17.8,4.1,3.9,2.7
367,21.6,20.9,1.6,10.3,2.3,5.1,3.3
628,26.2,20.9,4.3,6.6,2.7,3.5,3.3
474,26.3,20.9,6.2,13.0,2.5,4.6,3.5
450,19.6,20.8,2.1,14.2,2.8,2.4,4.3
608,29.0,20.7,3.5,6.2,2.5,2.9,2.6
457,21.8,20.7,1.1,11.8,2.0,2.9,3.7
625,26.0,20.6,2.5,5.6,1.5,2.1,1.7
483,21.0,20.6,2.3,8.1,2.7,3.2,2.7
616,30.8,20.6,1.1,6.7,2.1,1.8,3.1
485,23.1,20.5,2.8,3.5,2.5,1.6,1.5
382,22.5,20.4,1.8,4.0,2.1,2.2,2.7
613,27.9,20.4,5.9,3.9,3.1,4.3,2.7
494,27.4,20.3,2.1,3.6,1.7,2.5,1.2
601,30.1,20.3,5.1,3.9,2.1,3.2,1.4
805,28.8,20.2,4.1,12.5,3.3,5.0,2.7
534,31.4,20.1,3.7,3.0,2.5,2.8,1.7
753,29.0,20.1,3.4,5.4,1.6,3.1,2.3
565,28.3,20.1,4.9,4.0,1.5,3.3,2.3
487,25.6,20.0,3.4,7.8,2.8,2.7,1.3
862,29.7,19.9,2.1,4.8,0.9,2.7,2.0
660,27.5,19.8,3.0,2.6,1.2,1.7,1.4
454,18.2,19.8,6.2,8.2,3.6,8.0,5.9
527,25.1,19.8,4.6,7.3,3.0,3.6,3.1
519,26.0,19.8,4.3,4.2,3.0,2.5,1.8
720,31.3,19.6,2.8,5.8,1.4,3.2,2.1
609,25.4,19.5,2.3,5.6,3.0,2.5,2.9
397,23.4,19.5,3.2,5.2,2.1,3.8,2.7
326,15.5,19.4,1.9,7.0,2.2,4.3,3.6
828,29.6,19.4,5.4,4.4,4.5,4.6,1.6
695,29.0,19.3,1.8,10.0,0.6,2.4,2.5
543,27.2,19.3,3.1,6.7,2.8,2.1,2.1
696,26.8,19.3,1.7,5.7,1.3,2.2,3.0
682,35.9,19.3,3.1,3.7,2.8,3.1,1.9
786,26.2,19.3,1.8,13.2,1.0,3.7,3.7
560,23.3,19.3,3.7,6.1,2.6,2.6,3.5
656,29.8,19.2,5.0,4.9,2.7,3.8,2.3
763,28.3,19.2,1.0,12.6,0.9,3.6,3.1
526,21.0,19.2,2.1,7.7,0.9,3.5,3.6
598,23.0,19.2,4.2,7.2,3.2,3.4,2.7
525,20.2,19.1,2.9,8.2,2.4,4.3,3.2
622,31.1,19.1,7.8,6.3,2.7,2.7,2.2
758,27.1,19.1,2.2,3.6,3.0,3.5,2.6
566,27.0,19.1,2.1,6.7,0.8,2.5,2.8
442,24.6,19.0,2.5,9.8,1.1,1.4,1.7
511,26.9,19.0,3.1,7.3,1.4,7.3,0.0
665,26.6,19.0,1.6,4.8,0.7,1.4,1.6
568,27.0,19.0,2.4,13.2,0.9,4.8,2.6
477,19.1,19.0,1.5,3.4,0.7,4.8,2.8
523,26.2,18.8,3.2,9.2,1.8,2.7,2.3
1184,23.7,18.8,5.5,5.2,2.2,3.6,1.9
638,29.0,18.8,4.9,5.9,3.1,1.9,3.1
494,24.7,18.7,4.1,6.7,1.9,3.5,3.0
657,26.3,18.7,3.2,6.3,2.0,3.0,3.3
681,29.6,18.7,2.3,5.3,2.7,3.0,1.2
493,27.4,18.6,2.1,4.5,2.4,1.2,1.6
628,25.1,18.6,4.1,7.1,2.7,2.5,3.0
396,23.3,18.6,3.5,15.1,3.8,2.3,4.2
548,24.9,18.6,1.4,8.2,2.3,2.1,1.6
631,27.4,18.6,4.8,4.6,3.2,3.6,2.1
629,24.2,18.5,1.6,12.9,2.2,3.4,3.8
579,27.6,18.5,2.0,4.5,1.8,2.4,2.9
346,20.4,18.4,1.8,11.1,1.8,2.6,5.5
732,25.2,18.4,1.3,11.8,0.7,2.7,2.5
694,28.9,18.4,4.7,6.0,2.5,2.5,2.9
381,21.2,18.3,0.9,3.9,0.9,2.6,3.0
592,24.7,18.3,1.9,8.9,1.6,2.2,2.0
511,23.2,18.2,4.7,5.3,2.9,4.3,2.6
543,30.2,18.2,2.8,6.0,6.8,2.1,2.1
531,29.5,18.2,1.8,3.0,1.3,2.6,2.2
313,18.4,18.2,1.4,13.1,3.2,3.9,3.6
709,27.3,18.2,3.8,6.1,1.9,3.8,3.1
945,29.5,18.2,3.8,4.0,3.2,2.4,3.2
668,29.0,18.1,2.9,4.7,1.9,2.1,2.7
398,20.9,18.1,1.7,6.6,1.2,2.3,2.5
660,30.0,18.0,6.7,5.2,3.2,2.8,1.2
800,28.6,18.0,2.4,9.2,1.2,3.2,2.8
338,13.0,18.0,1.3,11.1,1.4,2.0,4.5
662,26.5,18.0,1.7,7.4,0.7,2.7,3.9
776,31.0,17.9,3.7,2.5,1.7,3.1,0.0
623,29.7,17.9,1.7,5.8,1.0,2.8,2.0
685,29.8,17.9,7.4,4.3,2.1,2.7,2.5
601,31.6,17.9,2.5,5.4,1.7,3.1,2.3
636,30.3,17.9,2.8,9.8,2.3,4.3,3.3
588,25.6,17.9,1.5,11.3,2.4,3.8,3.6
616,28.0,17.8,0.4,7.3,1.4,2.2,2.6
654,24.2,17.8,2.8,8.6,1.1,3.5,3.0
488,23.2,17.8,3.0,8.3,3.0,4.3,2.8
735,26.3,17.8,2.4,8.4,2.2,2.9,4.0
750,28.8,17.7,2.0,9.3,1.8,2.7,2.1
760,30.4,17.7,5.3,4.3,1.1,4.3,2.0
495,24.8,17.7,2.8,6.4,1.9,2.4,3.4
499,25.0,17.7,1.6,8.0,0.6,2.4,2.4
630,26.3,17.7,1.1,11.6,1.9,3.9,3.1
499,26.3,17.6,1.9,3.1,3.0,1.0,0.6
662,25.5,17.6,4.1,8.3,2.9,2.5,3.1
424,24.9,17.6,2.6,6.0,1.7,1.6,2.5
490,24.5,17.6,1.6,5.2,0.7,1.4,2.7
447,19.4,17.5,1.0,8.0,2.1,3.2,4.6
519,24.7,17.3,2.0,3.9,2.9,1.7,2.2
617,28.0,17.3,1.7,13.6,1.9,3.4,3.3
501,25.1,17.3,5.2,10.2,4.0,4.2,3.7
646,26.9,17.3,3.2,5.8,1.8,2.5,1.9
667,29.0,17.3,1.7,12.6,2.4,2.7,2.0
475,21.6,17.2,3.2,3.3,2.1,3.6,2.5
818,31.5,17.2,3.0,2.4,1.4,2.2,1.3
525,22.8,17.2,9.3,9.1,3.7,4.1,2.9
533,23.2,17.2,4.8,10.0,4.6,3.9,1.9
735,28.3,17.2,2.9,7.6,2.3,2.9,2.6
444,18.5,17.2,5.3,5.0,2.8,6.1,5.3
691,26.6,17.1,7.4,7.9,2.0,3.5,2.4
305,15.3,17.1,4.1,7.7,4.0,3.8,3.3
695,29.0,17.1,3.3,5.8,2.1,3.6,1.9
347,15.8,17.1,2.2,7.6,3.0,2.7,3.3
550,28.9,17.0,1.0,9.7,0.9,3.7,3.4
500,23.8,17.0,1.9,11.3,1.2,4.1,3.8
450,23.7,17.0,2.2,5.0,1.9,2.0,2.6
788,28.1,17.0,1.6,4.6,1.3,3.9,2.2
367,20.4,16.9,4.0,9.2,2.6,2.8,3.8
606,25.3,16.9,3.5,3.6,1.7,4.1,2.3
699,28.0,16.9,5.8,4.0,1.1,2.3,1.7
296,14.1,16.8,1.4,6.3,0.6,3.6,3.4
491,27.3,16.7,2.8,3.8,1.8,3.5,2.6
455,22.8,16.7,2.8,10.2,4.6,4.2,3.9
463,27.2,16.7,4.1,3.8,2.4,3.1,2.8
477,20.7,16.7,2.1,7.0,0.9,2.8,1.8
624,26.0,16.7,6.7,8.4,2.8,3.0,2.9
523,26.2,16.6,2.8,11.8,1.6,2.9,2.9
456,22.8,16.6,1.5,7.2,1.5,3.6,3.6
487,25.6,16.6,0.9,3.0,0.9,4.1,3.1
496,24.8,16.6,1.8,6.6,1.1,2.3,2.8
481,22.9,16.6,3.0,7.5,1.4,4.4,2.7
463,27.2,16.5,4.8,4.1,1.4,3.8,2.6
746,27.6,16.5,2.8,5.0,2.5,3.6,1.7
638,27.7,16.5,2.3,3.5,2.3,2.4,2.4
460,23.0,16.5,2.9,10.0,1.3,2.1,2.6
693,27.7,16.5,2.1,4.0,2.0,2.0,2.7
572,27.2,16.4,0.6,3.6,1.0,1.7,2.7
516,25.8,16.4,2.9,9.8,4.0,2.9,2.9
497,27.6,16.4,1.7,6.8,2.4,3.8,2.9
517,28.7,16.4,2.8,9.3,3.0,3.1,1.5
531,25.3,16.4,2.5,7.5,2.2,1.7,2.8
461,24.3,16.4,2.8,10.6,0.8,2.2,2.7
525,22.8,16.3,2.6,7.0,1.6,4.8,3.7
437,21.9,16.3,6.2,6.0,4.3,4.2,2.0
496,23.6,16.3,1.3,6.6,2.3,1.2,2.0
573,30.2,16.3,3.6,5.0,2.3,3.7,2.8
739,29.6,16.2,3.7,9.3,2.4,3.3,2.3
437,21.9,16.2,2.6,9.2,0.8,3.9,3.1
510,22.2,16.1,1.9,10.2,0.8,1.9,3.1
385,20.3,16.1,0.2,10.5,0.7,1.6,3.0
644,30.7,16.1,3.6,9.0,2.3,3.0,2.5
513,27.0,16.0,3.6,5.4,1.7,5.0,1.7
551,22.0,16.0,2.7,3.9,1.5,3.4,2.2
496,29.2,15.9,2.1,6.9,1.0,2.1,1.5
765,29.4,15.9,2.4,7.3,1.4,1.9,1.4
679,29.5,15.9,3.3,6.3,3.2,2.8,0.7
524,19.4,15.9,2.2,6.4,2.6,4.7,4.0
469,24.7,15.8,2.6,4.8,1.2,3.8,2.7
745,26.6,15.8,0.8,8.1,2.3,3.6,3.3
488,25.7,15.8,2.1,7.5,2.5,3.3,2.8
574,27.3,15.8,3.0,5.7,2.2,3.2,2.5
727,28.0,15.8,3.1,11.9,3.7,2.2,2.2
1092,23.2,15.7,5.3,9.6,4.0,2.8,2.4
468,23.4,15.7,2.9,9.9,1.6,3.5,3.8
501,25.1,15.6,7.7,10.7,1.2,2.9,2.4
311,17.3,15.6,3.0,5.8,2.0,3.6,3.2
777,27.8,15.6,3.5,3.6,2.0,2.1,2.1
571,27.2,15.6,2.0,11.7,1.0,4.9,2.1
717,31.2,15.6,3.6,4.2,1.9,2.8,1.8
485,25.5,15.6,4.8,6.2,4.2,2.8,2.3
583,24.3,15.5,3.4,4.1,2.6,1.9,2.4
726,25.9,15.5,1.3,6.4,1.0,1.4,3.0
394,21.9,15.5,1.1,8.9,1.3,1.7,4.3
491,23.4,15.5,1.3,13.2,0.7,3.5,3.1
489,28.8,15.5,1.1,6.0,1.4,3.0,1.3
504,28.0,15.5,3.6,2.1,1.1,2.2,2.7
500,29.4,15.5,2.5,6.0,2.0,3.6,2.6
739,27.4,15.5,1.0,12.8,1.7,1.9,1.8
601,28.6,15.4,4.9,2.7,1.9,3.0,1.4
610,26.5,15.4,4.6,6.2,2.9,3.8,2.8
554,22.2,15.4,2.1,6.2,1.5,3.4,2.0
550,22.9,15.4,2.7,6.9,1.7,2.0,2.6
347,20.4,15.4,1.9,8.6,1.6,3.3,4.2
422,21.1,15.4,4.3,3.3,2.3,2.5,3.0
582,25.3,15.3,0.8,2.4,0.9,2.6,3.5
557,30.9,15.3,5.9,4.7,5.1,3.4,1.5
617,28.0,15.3,2.8,4.1,0.9,2.6,1.6
613,26.7,15.3,2.6,7.4,1.1,2.2,3.2
542,27.1,15.3,3.6,4.7,1.3,2.8,2.4
490,27.2,15.3,4.5,4.4,3.5,4.1,2.6
639,27.8,15.3,3.1,5.4,1.0,2.1,2.6
656,31.2,15.3,1.6,3.2,1.2,2.0,1.7
615,25.6,15.2,1.8,9.9,1.2,4.2,3.7
518,30.5,15.2,5.5,5.2,2.5,3.6,0.0
394,17.9,15.2,1.4,5.9,1.6,1.9,2.4
498,27.7,15.2,2.2,4.3,2.7,3.4,1.7
616,24.6,15.1,1.8,7.3,1.0,1.9,2.8
420,23.3,15.1,2.4,4.1,1.0,2.6,2.8
507,26.7,15.1,1.8,3.6,1.9,2.2,2.7
591,26.9,15.1,3.5,6.1,1.3,2.3,3.0
591,29.6,15.0,4.1,3.9,2.0,3.0,2.0
590,28.1,15.0,2.2,4.4,2.1,2.6,1.7
689,27.6,15.0,2.0,7.2,2.6,2.8,2.6
601,23.1,14.9,3.6,3.4,1.3,2.1,1.9
459,20.9,14.9,1.1,4.3,0.8,1.7,3.3
367,21.6,14.8,3.1,7.8,1.5,2.2,2.4
577,28.9,14.8,2.2,1.5,0.8,2.4,1.9
482,23.0,14.8,1.5,9.8,1.9,2.9,3.1
489,25.7,14.8,2.5,6.2,1.7,2.4,2.8
474,24.9,14.8,1.8,6.2,1.9,3.5,3.4
594,25.8,14.8,2.0,8.2,0.6,1.6,3.4
503,24.0,14.8,5.4,8.4,7.3,4.5,4.5
577,27.5,14.8,2.9,4.3,2.0,3.5,2.9
704,29.3,14.7,2.7,2.1,2.2,1.9,1.8
661,26.4,14.7,2.5,4.7,2.1,3.6,3.1
540,28.4,14.7,2.8,6.2,2.3,3.4,1.9
641,26.7,14.7,3.7,3.9,2.2,1.3,1.5
657,26.3,14.7,3.4,1.9,2.3,1.8,2.2
590,25.7,14.6,5.9,6.3,2.6,4.8,2.8
472,18.2,14.6,1.2,3.5,1.8,1.0,2.2
479,26.6,14.6,1.9,6.8,1.3,2.4,2.4
746,28.7,14.6,2.9,6.6,3.5,3.8,1.9
799,28.5,14.6,4.4,3.6,3.4,2.7,1.9
541,28.5,14.6,3.0,7.9,0.3,2.0,2.5
701,29.2,14.6,3.6,4.5,2.3,5.5,3.0
416,16.0,14.5,3.5,6.2,3.8,4.5,3.8
620,27.0,14.5,2.9,5.7,1.0,3.1,2.4
572,24.9,14.5,2.0,7.7,1.2,3.8,3.6
461,27.1,14.4,4.1,3.2,1.5,2.1,2.0
464,23.2,14.4,2.4,3.9,1.5,4.6,3.5
542,24.6,14.4,2.8,7.3,0.9,3.5,2.0
640,26.7,14.4,3.5,4.4,1.6,2.6,2.6
610,29.0,14.4,3.1,7.3,1.0,4.3,3.0
523,23.8,14.3,1.7,7.0,1.9,2.4,3.4
521,24.8,14.3,2.5,6.2,1.4,3.8,2.3
484,26.9,14.3,1.9,6.2,2.2,3.6,2.6
372,21.9,14.3,1.3,9.3,1.9,1.2,3.9
609,30.5,14.2,2.9,2.8,2.6,3.6,1.3
714,28.6,14.2,3.0,3.0,1.7,2.5,2.9
534,22.3,14.2,2.9,7.0,2.2,4.1,4.1
480,21.8,14.2,1.8,3.1,2.5,4.2,3.5
530,25.2,14.2,1.5,10.7,1.6,1.3,3.0
627,25.1,14.2,3.7,9.3,1.7,4.4,3.5
697,24.9,14.2,3.6,2.8,1.6,2.9,2.7
400,18.2,14.2,0.6,15.1,1.5,1.8,4.3
475,22.6,14.1,3.2,6.7,2.7,2.7,2.3
382,16.6,14.1,3.3,4.1,2.2,4.4,4.7
860,29.7,14.1,5.8,4.1,1.7,2.9,2.2
339,17.8,14.1,1.0,8.3,1.2,3.5,4.2
380,19.0,14.1,2.4,9.3,1.3,2.9,3.3
654,23.4,14.0,2.9,4.2,3.9,2.4,3.0
650,28.3,14.0,0.9,6.5,1.8,1.7,1.9
575,26.1,14.0,1.6,10.2,1.8,1.2,3.2
472,20.5,14.0,2.9,6.2,2.2,3.7,4.4
738,27.3,14.0,3.0,2.3,1.8,2.6,2.0
407,23.9,13.9,2.6,4.3,2.0,4.2,4.3
477,22.7,13.9,0.8,6.2,1.3,1.7,2.8
309,16.3,13.9,2.2,6.4,2.7,2.9,3.5
476,25.1,13.8,3.6,7.9,1.3,2.8,2.4
513,28.5,13.8,0.5,8.0,0.7,1.3,2.1
590,20.3,13.8,2.1,3.6,1.1,1.5,1.5
829,27.6,13.8,1.4,9.3,1.1,2.8,2.4
674,27.0,13.8,1.9,3.1,0.8,0.9,0.9
522,22.7,13.8,1.0,7.7,0.9,2.8,3.7
709,24.4,13.8,2.0,4.7,1.2,1.4,2.4
505,23.0,13.8,2.7,3.2,2.4,4.2,3.0
462,22.0,13.7,3.8,6.6,2.1,3.5,2.1
606,27.5,13.7,6.2,6.7,3.2,2.9,2.9
697,30.3,40.1,4.5,8.4,3.2,3.3,2.7
630,31.5,35.3,0.4,11.0,1.3,4.1,1.0
412,22.9,32.1,4.0,7.0,1.4,1.3,1.6
466,15.0,30.4,7.9,10.3,3.0,5.6,3.2
1092,29.5,28.9,8.4,6.6,4.0,4.2,1.8
787,29.1,28.5,2.9,18.5,2.4,2.4,3.0
930,26.6,28.5,4.3,6.5,6.1,2.8,3.3
696,29.0,27.8,4.0,4.7,3.1,2.1,3.0
1005,29.6,26.9,3.5,11.3,1.5,3.4,2.1
573,26.0,26.9,4.4,9.3,2.7,4.5,3.6
583,29.2,26.5,5.4,6.9,5.1,6.0,2.9
766,29.5,26.4,2.5,10.6,1.4,2.9,1.9
731,33.2,26.3,3.5,9.0,3.5,1.8,1.7
652,29.6,26.0,2.0,7.7,1.9,2.6,2.0
765,27.3,26.0,2.6,8.1,1.9,3.3,2.3
899,30.0,25.9,3.7,6.3,3.1,3.5,2.6
997,29.3,25.8,5.4,6.5,2.8,3.9,3.0
591,29.6,25.7,3.1,4.7,2.0,2.4,2.9
654,23.4,25.4,1.8,5.1,2.2,2.6,1.9
561,28.1,25.4,5.5,6.2,4.6,1.5,1.7
706,30.7,25.4,5.3,5.3,3.0,3.0,2.2
573,27.3,25.3,5.6,13.5,5.4,5.1,2.2
683,26.3,25.3,3.4,5.2,3.6,3.8,2.4
462,19.3,25.1,2.5,4.8,3.1,3.3,2.9
630,26.3,24.9,4.3,18.0,3.4,2.3,2.1
710,26.3,24.8,3.2,11.4,1.8,4.4,3.4
399,23.5,24.8,3.3,5.0,2.2,2.8,3.4
731,26.1,24.8,4.3,6.9,2.4,1.7,2.8
746,28.7,24.7,4.1,14.1,1.8,2.4,2.5
697,30.3,40.1,4.5,8.4,3.2,3.3,2.7
630,31.5,35.3,0.4,11.0,1.3,4.1,1.0
412,22.9,32.1,4.0,7.0,1.4,1.3,1.6
466,15.0,30.4,7.9,10.3,3.0,5.6,3.2
1092,29.5,28.9,8.4,6.6,4.0,4.2,1.8
787,29.1,28.5,2.9,18.5,2.4,2.4,3.0
930,26.6,28.5,4.3,6.5,6.1,2.8,3.3
696,29.0,27.8,4.0,4.7,3.1,2.1,3.0
1005,29.6,26.9,3.5,11.3,1.5,3.4,2.1
573,26.0,26.9,4.4,9.3,2.7,4.5,3.6
583,29.2,26.5,5.4,6.9,5.1,6.0,2.9
766,29.5,26.4,2.5,10.6,1.4,2.9,1.9
731,33.2,26.3,3.5,9.0,3.5,1.8,1.7
652,29.6,26.0,2.0,7.7,1.9,2.6,2.0
765,27.3,26.0,2.6,8.1,1.9,3.3,2.3
899,30.0,25.9,3.7,6.3,3.1,3.5,2.6
997,29.3,25.8,5.4,6.5,2.8,3.9,3.0
591,29.6,25.7,3.1,4.7,2.0,2.4,2.9
654,23.4,25.4,1.8,5.1,2.2,2.6,1.9
561,28.1,25.4,5.5,6.2,4.6,1.5,1.7
706,30.7,25.4,5.3,5.3,3.0,3.0,2.2
573,27.3,25.3,5.6,13.5,5.4,5.1,2.2
683,26.3,25.3,3.4,5.2,3.6,3.8,2.4
462,19.3,25.1,2.5,4.8,3.1,3.3,2.9
630,26.3,24.9,4.3,18.0,3.4,2.3,2.1
710,26.3,24.8,3.2,11.4,1.8,4.4,3.4
399,23.5,24.8,3.3,5.0,2.2,2.8,3.4
731,26.1,24.8,4.3,6.9,2.4,1.7,2.8
746,28.7,24.7,4.1,14.1,1.8,2.4,2.5
840,29.0,24.5,4.2,5.1,2.0,2.8,1.9
611,26.6,24.4,1.5,12.8,1.7,3.8,2.9
729,28.0,24.2,4.5,6.0,3.7,4.2,2.2
414,23.0,24.0,0.2,2.6,0.1,0.4,2.5
625,29.8,24.0,3.0,6.1,2.3,2.7,2.5
681,29.6,23.9,5.6,6.5,3.4,2.1,1.3
817,26.4,23.9,2.6,13.4,2.1,2.9,3.0
525,22.8,23.8,2.1,13.9,1.0,0.0,0.0
753,24.3,23.8,2.1,6.2,1.7,3.3,3.5
950,27.9,23.8,2.1,10.5,1.7,3.4,2.6
472,26.2,23.7,2.0,16.2,1.4,3.3,2.0
473,24.9,23.5,3.0,10.0,2.6,4.6,3.4
824,31.7,23.4,6.1,7.0,4.1,4.0,2.1
823,27.4,23.4,3.2,5.0,3.8,1.6,1.3
608,27.6,23.4,3.0,6.1,2.5,4.3,2.0
686,24.5,23.3,1.5,12.1,1.6,3.4,2.0
667,26.7,23.3,1.5,7.4,1.2,3.1,2.9
597,23.0,23.2,3.8,7.2,2.3,3.9,2.8
621,23.9,23.2,2.6,5.9,1.6,3.6,3.6
559,23.3,23.2,2.3,2.1,1.3,3.5,1.7
728,26.0,23.1,1.7,5.5,2.8,2.8,3.3
639,29.0,23.1,5.4,3.1,2.6,4.8,2.9
518,21.6,23.0,3.0,9.6,0.7,1.4,2.5
822,29.4,23.0,2.9,9.3,0.9,3.5,1.9
484,24.2,22.9,1.5,3.0,1.7,2.4,1.9
528,22.0,22.9,6.4,8.6,2.6,2.8,3.6
713,27.4,22.9,2.2,4.2,4.5,2.6,3.1
627,26.1,22.9,1.9,9.6,1.5,1.5,0.0
523,20.9,22.8,3.2,5.0,1.3,4.0,4.5
512,22.3,22.8,1.4,16.6,3.5,3.0,3.0
438,23.1,22.8,2.9,6.1,3.1,2.6,3.1
600,24.0,22.8,3.7,2.8,1.4,4.6,4.1
647,27.0,22.7,2.4,11.6,1.0,2.7,2.3
859,28.6,22.6,5.0,6.7,3.1,2.9,2.2
680,28.3,22.6,2.7,14.3,2.3,4.4,0.0
1088,23.1,22.5,1.2,14.1,2.1,3.7,3.3
686,26.4,22.4,0.7,6.2,1.0,2.3,2.9
588,25.6,22.4,5.3,5.6,3.3,5.4,2.9
895,28.9,22.3,2.9,5.7,2.5,2.7,2.6
520,30.6,22.3,1.3,3.3,2.2,1.7,1.3
500,29.4,22.3,3.5,6.0,2.6,3.3,2.4
835,27.8,22.3,2.8,7.8,1.3,2.8,1.8
437,20.8,22.2,3.1,3.7,4.1,2.2,1.5
748,25.8,22.2,3.4,12.7,2.9,2.8,3.5
609,27.7,22.0,2.2,7.1,2.5,2.7,2.3
466,22.2,22.0,3.8,7.2,4.8,2.5,3.8
525,29.2,21.9,0.7,13.5,1.3,3.0,0.0
698,24.1,21.9,4.2,4.4,3.4,2.7,3.2
711,23.7,21.9,5.6,6.3,3.2,2.7,1.8
456,24.0,21.8,3.7,6.5,4.4,2.8,0.0
515,30.3,21.7,4.1,6.6,1.9,3.5,1.9
548,30.4,21.7,2.5,8.1,3.4,6.5,3.0
643,28.0,21.7,3.3,3.9,3.3,3.8,3.2
839,27.1,21.7,2.1,12.6,1.9,2.5,2.9
635,26.5,21.6,1.9,10.5,1.6,2.9,3.1
359,21.1,21.6,2.5,6.4,4.4,3.8,1.3
699,29.1,21.6,1.8,12.2,0.9,2.5,2.3
862,30.8,21.4,6.2,5.7,3.7,3.6,2.5
529,25.2,21.4,1.9,7.0,1.0,5.1,2.1
617,26.8,21.3,5.4,6.1,3.8,3.4,3.1
924,28.9,21.2,2.7,10.3,1.5,4.7,3.0
534,26.7,21.2,2.9,7.0,2.0,3.5,1.7
650,27.1,21.1,1.3,5.5,2.1,3.1,2.6
778,26.8,21.1,1.6,7.9,2.4,2.1,1.3
827,25.8,21.1,2.2,13.5,1.0,2.7,2.3
643,25.7,21.0,3.5,7.3,3.0,3.5,2.2
753,30.1,21.0,4.4,15.0,3.5,3.3,3.7
561,28.1,20.9,3.4,5.6,4.1,2.9,1.6
621,28.2,20.8,2.3,8.8,2.0,3.2,1.4
697,21.8,20.8,2.3,9.6,2.6,5.1,2.9
598,29.9,20.7,2.9,14.3,2.0,3.7,2.7
697,30.3,20.6,2.4,5.0,1.1,2.4,1.0
676,26.0,20.5,3.3,4.8,1.6,3.6,2.9
712,27.4,20.5,6.2,7.8,2.2,2.9,1.5
636,28.9,20.5,3.1,4.2,2.6,3.0,1.9
682,26.2,20.5,2.6,2.6,1.7,2.2,2.3
651,27.1,20.4,3.7,6.2,2.1,2.5,2.1
454,20.6,20.4,1.8,5.9,3.2,2.2,3.7
454,18.9,20.4,2.4,11.0,2.7,1.7,2.0
441,25.9,20.4,3.3,4.1,2.4,6.2,3.3
708,30.8,20.4,5.8,4.2,2.0,4.6,2.0
619,22.1,20.4,2.0,12.1,1.6,3.8,2.7
543,23.6,20.2,2.7,8.4,2.2,3.4,2.8
721,26.7,20.2,6.0,2.3,0.4,2.4,2.1
794,30.5,20.1,3.5,6.2,2.8,3.0,2.1
705,27.1,20.1,5.9,13.2,3.4,4.4,3.5
666,25.6,20.0,1.3,9.3,0.3,2.5,3.9
694,27.8,20.0,1.7,8.2,1.8,2.2,2.3
794,25.6,20.0,1.7,3.2,2.1,1.2,1.5
365,13.0,20.0,0.7,10.6,0.7,3.1,5.6
578,23.1,19.9,6.0,5.1,3.3,5.8,4.2
604,25.2,19.9,1.4,5.2,3.2,2.4,3.0
820,27.3,19.9,5.3,3.3,2.6,2.7,2.0
551,25.0,19.9,1.0,14.4,2.4,4.4,4.2
795,27.4,19.8,5.2,4.3,2.6,2.5,1.7
757,27.0,19.8,4.3,11.8,3.7,3.1,2.2
580,27.6,19.8,4.5,8.3,9.4,3.7,3.1
496,23.6,19.8,2.6,5.0,1.7,2.4,2.7
755,28.0,19.8,3.0,7.2,2.4,2.9,2.6
676,26.0,19.7,4.3,7.6,2.3,2.5,2.3
508,28.2,19.7,4.2,6.2,2.0,5.4,2.0
572,27.2,19.7,1.8,12.0,0.8,4.7,3.4
511,30.1,19.7,4.6,10.7,1.9,4.6,2.2
954,28.1,19.7,2.7,4.8,1.5,3.7,1.2
758,27.1,19.6,2.8,7.3,3.8,3.3,2.4
701,28.0,19.6,2.5,6.2,3.1,4.3,2.7
499,23.8,19.6,2.3,11.1,1.5,3.0,3.0
744,27.6,19.6,4.3,8.4,3.4,3.3,3.1
625,24.0,19.6,1.3,12.9,1.8,2.8,3.1
595,25.9,19.6,3.8,3.7,2.7,3.2,2.0
800,26.7,19.6,1.8,3.2,1.8,1.9,2.0
800,26.7,19.5,2.6,5.4,1.5,1.6,1.6
721,27.7,19.4,2.0,4.7,1.7,2.0,1.7
548,22.8,19.4,1.8,5.5,2.2,4.4,3.3
771,27.5,19.4,4.7,6.1,3.5,3.7,2.7
514,24.5,19.4,1.6,8.0,2.4,5.0,3.4
870,29.0,19.3,5.0,9.3,2.6,4.2,3.1
761,26.2,19.3,5.1,8.0,2.1,2.7,2.1
607,25.3,19.3,4.4,4.5,2.3,3.5,2.8
1058,27.1,19.2,2.6,4.7,1.7,3.4,1.8
683,26.3,19.2,2.2,4.3,2.5,3.4,4.0
705,28.2,19.2,2.2,8.0,1.0,2.3,3.4
605,24.2,19.2,1.7,6.7,1.0,3.0,3.1
502,26.4,19.2,6.0,11.9,4.2,11.9,4.1
919,24.8,19.2,4.5,6.0,2.4,3.7,2.8
430,20.5,19.1,4.6,7.1,2.4,5.2,3.9
373,20.7,19.0,1.2,10.2,2.3,4.7,5.1
949,28.8,18.9,2.5,9.0,3.9,7.1,2.3
672,25.8,18.9,3.4,4.7,2.3,4.3,3.1
437,24.3,18.8,2.6,4.0,2.4,3.1,1.9
773,29.7,18.8,3.4,3.8,1.1,2.0,1.4
775,24.2,18.8,0.7,11.5,0.7,1.9,2.3
649,23.2,18.8,2.7,5.4,2.1,2.4,3.4
552,26.3,18.8,3.2,4.2,2.8,5.4,3.2
460,21.9,18.8,1.4,14.6,1.3,1.6,2.8
751,30.0,18.7,4.3,3.0,1.1,5.5,2.3
436,21.8,18.7,0.8,5.7,1.7,4.0,4.9
478,18.4,18.7,1.2,11.7,3.3,4.6,5.0
446,15.9,18.7,1.5,15.4,1.8,2.3,3.2
700,28.0,18.7,3.7,5.7,2.8,4.6,1.9
525,21.9,18.7,1.2,13.0,1.5,2.1,3.2
455,15.7,18.6,0.9,7.7,1.2,2.1,3.0
443,23.3,18.6,1.9,5.9,2.2,4.6,3.8
601,26.1,18.6,1.0,6.3,2.0,2.4,2.3
656,28.5,18.6,3.0,5.2,1.4,5.3,2.1
675,26.0,18.6,2.3,7.7,2.9,1.1,2.6
438,19.9,18.6,2.0,11.3,1.7,4.0,4.6
526,27.7,18.6,2.4,7.0,3.0,3.1,2.3
588,25.6,18.6,2.0,3.2,0.8,2.3,2.0
694,30.2,18.6,3.1,4.7,3.0,3.2,1.9
565,29.7,18.6,1.5,4.7,4.7,4.8,3.3
895,25.6,18.6,2.8,10.4,2.5,2.5,3.0
832,32.0,18.5,5.6,2.9,2.7,3.5,1.0
856,25.9,18.4,1.3,9.0,1.4,1.5,3.2
667,23.0,18.4,3.0,17.4,1.5,1.8,2.1
370,19.5,18.4,3.5,1.6,2.9,3.1,2.6
647,24.9,18.4,2.6,4.0,2.7,5.1,3.2
524,21.8,18.4,2.0,12.8,1.8,3.4,2.6
706,28.2,18.4,2.9,9.2,1.0,3.2,3.3
719,31.3,18.3,1.2,5.5,2.7,4.1,1.2
954,28.1,18.3,0.8,12.3,1.1,2.5,2.1
632,30.1,18.3,2.3,6.8,1.9,2.8,2.9
620,25.8,18.3,4.1,5.3,2.4,3.3,2.5
963,28.3,18.2,3.1,3.1,2.4,4.8,2.8
558,29.4,18.2,4.8,6.7,2.4,3.8,2.4
417,19.9,18.2,0.5,8.1,0.7,2.1,3.1
741,25.6,18.2,1.5,9.9,2.0,2.4,2.3
493,25.9,18.2,2.1,5.7,2.7,2.8,2.7
370,19.5,18.2,4.1,5.7,3.7,2.9,1.9
682,23.5,18.2,1.6,3.8,1.1,1.9,2.3
785,23.8,18.1,1.1,3.5,1.3,2.1,3.0
628,20.9,18.1,3.1,4.8,3.7,3.1,3.2
503,16.8,18.1,3.0,13.0,1.8,3.7,3.5
470,22.4,18.1,0.6,6.5,2.5,4.4,3.8
861,27.8,18.1,3.2,4.2,2.2,2.4,1.9
619,24.8,18.1,2.7,8.9,0.6,2.6,2.0
628,23.3,18.1,2.5,2.8,1.2,3.2,1.6
641,27.9,18.1,1.3,5.2,1.1,2.6,3.3
733,26.2,18.0,3.9,3.3,1.8,2.7,2.4
726,29.0,18.0,5.0,4.8,1.6,3.1,1.1
731,29.2,18.0,3.2,7.8,1.1,3.7,2.8
716,29.8,18.0,2.5,5.4,1.9,4.1,2.4
515,27.1,18.0,1.8,14.5,1.3,5.4,2.6
724,25.9,17.9,2.3,4.3,0.9,2.3,1.9
594,25.8,17.9,1.0,10.6,1.3,3.3,4.0
621,25.9,17.9,3.7,10.0,3.5,3.2,3.0
683,27.3,17.9,2.5,10.9,2.1,2.7,2.1
862,26.9,17.9,5.5,9.7,2.5,2.4,2.6
703,29.3,17.9,5.1,4.2,2.9,1.8,1.8
367,18.4,17.9,2.4,9.2,2.2,4.6,4.7
665,28.9,17.9,2.2,5.5,1.6,4.4,3.0
470,21.4,17.8,2.5,8.9,2.2,3.5,3.1
553,25.1,17.8,2.6,6.3,0.3,2.8,3.0
620,27.0,17.8,5.2,7.7,1.8,2.6,4.0
383,21.3,17.8,3.4,10.0,1.5,3.2,2.8
633,23.4,17.8,3.7,7.4,2.2,3.5,2.7
510,24.3,17.8,1.5,10.4,1.9,3.0,4.5
669,23.1,17.7,1.0,6.1,1.4,2.1,3.1
745,27.6,17.7,3.4,7.9,2.2,3.7,3.0
557,25.3,17.7,2.0,10.7,4.1,3.0,2.0
756,22.9,17.7,1.0,15.3,1.1,2.9,4.0
776,31.0,17.7,2.4,6.4,0.9,1.8,1.6
476,25.1,17.7,3.0,5.0,1.1,2.8,2.1
623,29.7,17.7,4.1,3.0,1.7,4.4,2.3
455,17.5,17.7,2.5,4.0,2.5,2.1,2.5
611,26.6,17.7,3.6,3.1,1.8,3.6,1.9
421,22.2,17.6,1.4,8.3,2.7,4.0,5.2
523,22.7,17.6,2.2,6.1,1.3,5.8,2.4
618,25.8,17.6,2.5,8.2,2.0,2.3,2.1
718,27.6,17.6,2.7,7.1,1.2,3.2,2.5
589,25.6,17.6,2.1,3.4,1.6,4.5,2.7
884,29.5,17.6,2.8,2.5,2.1,2.7,1.7
531,24.1,17.5,3.9,4.1,1.7,2.0,1.7
354,19.7,17.5,1.3,8.7,2.0,2.9,5.3
646,23.9,17.5,1.4,13.5,1.4,2.9,4.1
466,27.4,17.5,3.9,5.5,2.2,2.0,1.3
640,25.6,17.5,4.8,4.5,3.4,6.6,2.9
665,26.6,17.5,1.3,3.9,1.7,6.3,2.8
579,23.2,17.5,1.8,3.8,3.2,3.4,3.7
890,29.7,17.4,2.4,7.8,1.7,3.2,2.8
841,31.1,17.4,4.6,3.2,2.0,4.5,2.5
805,26.0,17.4,1.0,7.4,0.8,2.2,2.2
309,18.2,17.4,2.6,5.8,2.8,2.7,5.6
680,29.6,17.4,3.8,6.7,1.4,3.2,1.8
588,25.6,17.4,2.4,3.8,2.0,2.6,2.2
496,20.7,17.4,3.2,4.5,1.2,4.3,2.4
487,19.5,17.3,2.1,4.4,0.9,4.1,4.1
607,27.6,17.3,4.3,7.8,2.0,3.5,2.2
449,20.4,17.3,2.4,4.5,3.0,3.0,3.1
527,31.0,17.3,1.5,7.2,0.3,2.9,2.0
951,28.0,17.3,3.1,4.3,2.5,2.9,1.8
534,21.4,17.3,2.5,5.3,0.7,1.8,2.4
884,29.5,17.2,4.2,6.8,2.3,2.8,2.1
652,26.1,17.2,2.2,7.0,2.8,2.5,2.8
654,25.2,17.2,1.3,4.4,1.5,2.3,2.8
537,20.7,17.2,1.5,3.9,1.9,3.5,1.7
725,27.9,17.2,2.4,5.7,3.6,2.8,2.6
690,27.6,17.2,2.4,6.4,2.9,4.4,2.5
586,30.8,17.1,4.9,10.4,1.6,6.7,2.2
704,27.1,17.1,5.2,8.0,1.9,3.0,2.4
464,27.3,17.1,3.7,10.6,4.2,3.1,2.4
575,26.1,17.1,0.3,15.0,0.9,1.0,3.4
596,25.9,17.1,2.1,7.6,0.8,2.3,2.5
545,20.2,17.0,1.8,4.0,1.1,3.6,3.0
376,19.8,17.0,1.4,9.9,2.3,4.2,3.5
570,21.1,17.0,0.4,9.2,0.6,1.4,2.1
671,26.8,17.0,1.9,11.2,1.6,3.1,2.6
739,27.4,17.0,5.3,5.2,4.9,2.3,1.7
643,26.8,17.0,4.6,7.5,4.0,2.9,2.4
468,21.3,17.0,3.8,4.2,4.6,5.3,1.8
937,27.6,16.9,3.4,10.0,2.9,5.1,3.2
733,29.3,16.9,1.9,11.9,2.0,4.8,3.1
512,28.4,16.9,2.6,8.9,2.1,2.9,3.1
505,25.3,16.9,0.1,9.6,1.6,3.7,2.9
560,26.7,16.9,2.3,12.6,0.9,2.2,2.3
519,24.7,16.9,5.3,6.7,5.8,5.7,3.6
738,28.4,16.9,2.8,9.0,1.8,2.6,1.8
389,11.1,16.9,1.3,6.4,1.9,2.8,3.8
466,27.4,16.8,3.6,13.0,0.8,1.3,0.0
493,19.0,16.8,1.7,3.1,2.4,2.4,2.5
695,26.7,16.8,3.1,7.3,2.1,3.8,1.1
817,25.5,16.8,5.5,6.1,0.9,2.5,1.5
541,30.1,16.8,1.6,5.1,2.1,1.4,2.0
610,24.4,16.8,2.7,4.3,3.3,4.5,4.6
513,22.3,16.8,0.7,10.6,1.9,3.3,3.6
571,23.8,16.8,2.4,4.9,2.5,4.0,3.5
802,26.7,16.7,4.5,6.2,4.8,3.5,16.7
580,21.5,16.7,1.6,6.2,1.8,4.5,4.7
582,23.3,16.7,0.4,8.9,1.3,2.9,3.6
315,16.6,16.7,1.4,10.5,1.0,0.9,2.7
594,27.0,16.6,4.4,6.1,3.0,4.9,2.4
622,22.2,16.6,3.4,3.9,2.0,6.4,2.5
297,12.9,16.6,1.6,11.3,1.5,2.6,3.3
490,24.5,16.6,1.6,8.1,1.1,5.6,3.2
720,24.0,16.6,1.6,5.0,0.7,1.3,3.0
664,27.7,16.6,3.9,5.7,2.3,3.6,3.3
690,24.6,16.6,1.6,5.7,1.7,1.9,2.6
750,25.0,16.5,2.0,5.5,2.4,3.7,16.5
380,16.5,16.5,2.7,7.1,1.5,3.2,1.9
600,24.0,16.4,1.7,10.0,1.3,2.5,3.5
489,28.8,16.4,0.7,7.9,2.4,4.5,2.6
688,26.5,16.4,5.4,4.3,2.3,2.0,1.8
524,26.2,16.4,1.6,6.1,1.6,3.0,2.3
604,23.2,16.3,2.7,8.0,2.7,4.0,2.8
614,25.6,16.3,2.2,5.1,2.2,1.0,1.6
783,30.1,16.3,2.2,3.8,1.8,2.9,1.5
736,32.0,16.3,1.5,6.7,1.7,4.4,2.2
684,31.1,16.3,3.0,12.5,2.9,2.1,3.1
488,19.5,16.3,3.3,8.9,2.7,6.9,4.5
634,27.6,16.3,2.7,3.4,2.0,2.3,2.6
573,27.3,16.3,2.2,4.1,1.4,3.5,2.2
577,28.9,16.3,1.6,11.5,2.1,4.7,4.0
886,29.5,16.2,2.6,10.7,2.3,3.4,3.2
402,15.5,46.6,6.8,13.2,2.5,5.4,4.3
717,31.2,35.9,6.9,5.0,2.8,3.1,1.7
680,29.6,32.0,0.5,5.7,1.5,2.7,1.7
574,30.2,31.4,2.9,4.9,2.2,2.5,2.1
661,25.4,31.3,5.0,12.6,2.7,2.6,2.5
605,26.3,31.0,2.8,14.4,2.5,4.3,2.9
829,29.6,30.4,2.8,6.1,4.0,5.7,1.8
838,29.9,30.1,1.1,9.8,0.7,2.6,2.0
560,25.5,29.8,6.0,9.5,6.8,4.9,2.5
527,26.4,29.8,3.6,10.9,2.6,2.9,2.6
1073,30.7,29.7,5.8,9.8,4.1,2.3,2.1
706,28.2,29.2,3.0,16.6,3.5,6.7,2.8
607,25.3,29.2,4.4,4.9,1.9,3.3,1.9
510,24.3,29.2,1.6,4.0,1.4,3.4,2.4
727,26.0,29.1,4.6,4.6,2.9,4.2,2.6
1208,30.2,28.9,6.4,12.2,3.8,3.1,2.5
721,21.8,28.9,3.4,16.2,2.2,5.5,3.4
368,14.2,28.7,3.0,12.4,2.3,1.7,6.4
996,26.2,28.2,4.6,13.8,2.9,5.0,2.5
547,23.8,28.0,6.8,5.9,7.2,3.3,2.8
840,31.1,27.7,3.9,2.9,1.7,3.4,2.1
731,29.2,27.2,2.2,11.6,2.2,1.7,2.1
649,20.3,26.9,2.3,9.5,2.8,2.8,3.4
527,20.3,26.7,4.7,7.0,3.0,6.3,2.0
543,24.7,26.6,3.9,14.9,2.7,3.7,3.7
692,31.5,26.6,3.0,6.6,1.8,1.9,2.2
766,23.2,26.5,3.0,5.3,2.5,3.1,1.8
708,30.8,26.4,3.6,14.6,2.6,4.3,1.4
565,24.6,26.4,2.3,7.3,2.5,3.4,3.7
677,29.4,26.3,3.4,4.7,1.8,3.6,2.6
672,28.0,26.1,4.1,4.2,1.8,3.4,2.1
529,19.6,26.1,3.0,2.7,1.5,2.7,2.1
671,29.2,26.0,1.4,2.1,0.8,2.3,1.3
788,22.5,26.0,4.7,5.2,2.0,3.2,4.4
402,15.5,46.6,6.8,13.2,2.5,5.4,4.3
717,31.2,35.9,6.9,5.0,2.8,3.1,1.7
680,29.6,32.0,0.5,5.7,1.5,2.7,1.7
574,30.2,31.4,2.9,4.9,2.2,2.5,2.1
661,25.4,31.3,5.0,12.6,2.7,2.6,2.5
605,26.3,31.0,2.8,14.4,2.5,4.3,2.9
829,29.6,30.4,2.8,6.1,4.0,5.7,1.8
838,29.9,30.1,1.1,9.8,0.7,2.6,2.0
560,25.5,29.8,6.0,9.5,6.8,4.9,2.5
527,26.4,29.8,3.6,10.9,2.6,2.9,2.6
1073,30.7,29.7,5.8,9.8,4.1,2.3,2.1
706,28.2,29.2,3.0,16.6,3.5,6.7,2.8
607,25.3,29.2,4.4,4.9,1.9,3.3,1.9
510,24.3,29.2,1.6,4.0,1.4,3.4,2.4
727,26.0,29.1,4.6,4.6,2.9,4.2,2.6
1208,30.2,28.9,6.4,12.2,3.8,3.1,2.5
721,21.8,28.9,3.4,16.2,2.2,5.5,3.4
368,14.2,28.7,3.0,12.4,2.3,1.7,6.4
996,26.2,28.2,4.6,13.8,2.9,5.0,2.5
547,23.8,28.0,6.8,5.9,7.2,3.3,2.8
840,31.1,27.7,3.9,2.9,1.7,3.4,2.1
731,29.2,27.2,2.2,11.6,2.2,1.7,2.1
649,20.3,26.9,2.3,9.5,2.8,2.8,3.4
527,20.3,26.7,4.7,7.0,3.0,6.3,2.0
543,24.7,26.6,3.9,14.9,2.7,3.7,3.7
692,31.5,26.6,3.0,6.6,1.8,1.9,2.2
766,23.2,26.5,3.0,5.3,2.5,3.1,1.8
708,30.8,26.4,3.6,14.6,2.6,4.3,1.4
565,24.6,26.4,2.3,7.3,2.5,3.4,3.7
677,29.4,26.3,3.4,4.7,1.8,3.6,2.6
672,28.0,26.1,4.1,4.2,1.8,3.4,2.1
529,19.6,26.1,3.0,2.7,1.5,2.7,2.1
671,29.2,26.0,1.4,2.1,0.8,2.3,1.3
788,22.5,26.0,4.7,5.2,2.0,3.2,4.4
747,28.7,25.2,2.6,5.1,2.3,4.0,2.3
506,18.7,25.2,2.4,11.2,3.7,3.7,2.8
723,28.9,25.1,1.9,3.9,1.1,3.4,1.6
901,27.3,25.1,4.0,6.3,2.1,3.0,2.6
597,27.1,25.0,2.9,10.7,1.8,2.5,3.3
1134,27.7,24.7,8.6,5.8,3.9,4.6,2.0
1013,27.4,24.7,4.3,3.2,1.7,3.2,2.7
515,23.4,24.6,1.5,8.8,2.8,2.6,3.5
561,28.1,24.6,2.2,9.6,0.9,2.6,3.1
678,28.3,24.3,2.5,7.2,2.0,3.9,1.9
813,23.9,24.3,1.8,3.0,1.4,2.4,2.7
642,29.2,24.2,9.1,3.9,2.8,4.0,2.8
813,29.0,24.2,1.9,9.0,2.3,3.9,3.1
395,18.8,24.1,2.8,10.6,2.4,2.8,2.5
612,26.6,24.0,4.8,6.4,2.1,5.4,2.7
724,27.8,24.0,1.7,11.4,1.2,5.0,3.7
788,28.1,23.9,2.2,13.5,1.2,4.6,2.4
725,26.9,23.8,2.3,4.7,1.9,2.1,3.3
566,25.7,23.7,2.7,11.5,1.3,4.6,3.4
770,28.5,23.7,2.3,16.8,2.7,2.6,3.8
800,30.8,23.7,3.5,4.3,1.9,2.0,2.2
708,27.2,23.5,1.9,7.7,2.1,1.9,3.3
471,21.4,23.5,1.3,7.4,1.7,2.2,1.4
652,26.1,23.5,1.4,9.5,1.3,4.2,3.0
583,29.2,23.4,4.5,8.6,4.6,3.2,2.7
508,23.1,23.4,3.8,7.6,3.8,5.8,4.9
785,26.2,23.4,2.0,5.5,1.3,3.1,1.7
706,28.2,23.1,3.3,14.1,1.7,2.9,3.2
535,24.3,23.0,1.4,11.4,1.5,2.6,3.6
718,23.9,23.0,2.0,8.8,2.1,3.3,2.8
678,29.5,23.0,9.0,8.6,3.2,3.4,1.9
640,27.8,23.0,3.7,11.4,6.8,4.2,2.0
477,23.9,22.9,3.5,8.1,1.9,4.2,3.6
648,28.2,22.7,2.3,2.5,1.9,2.0,2.7
552,22.1,22.7,2.6,11.5,2.5,3.7,5.1
596,22.1,22.7,3.5,7.4,4.2,3.7,3.7
577,26.2,22.6,2.2,9.3,1.9,3.9,1.4
564,23.5,22.6,2.8,7.9,3.6,3.3,0.2
726,26.9,22.5,3.0,7.7,3.3,2.0,1.5
686,24.5,22.4,2.2,10.9,1.7,2.6,2.5
439,22.0,22.3,2.8,14.7,2.8,3.4,3.6
628,20.9,22.3,1.9,10.3,1.9,3.3,2.9
755,28.0,22.3,0.7,12.5,0.6,2.2,2.5
447,20.3,22.2,2.3,12.3,2.4,2.9,2.9
593,31.2,22.1,2.8,11.9,2.7,3.8,2.7
580,21.5,22.0,3.8,7.3,1.7,2.4,2.9
973,27.0,21.9,4.7,5.2,3.1,2.6,2.3
676,29.4,21.9,1.6,5.0,2.5,5.0,3.1
622,27.0,21.7,2.8,3.4,2.2,2.5,2.5
611,26.6,21.6,4.2,7.4,2.7,1.9,3.2
578,26.3,21.5,3.9,5.4,1.9,3.3,1.7
727,22.7,21.4,2.7,8.3,3.5,1.9,2.4
711,29.6,21.4,1.0,12.3,0.5,1.6,1.4
725,31.5,21.3,3.0,5.3,0.7,3.0,2.4
601,25.0,21.3,1.1,10.8,0.7,1.1,0.0
708,21.5,21.3,5.7,7.4,4.3,4.2,3.6
665,27.7,21.1,2.4,3.7,3.3,3.5,2.4
584,25.4,21.1,1.4,11.3,1.5,2.5,2.1
793,28.3,21.0,2.4,7.1,2.8,3.3,2.7
754,26.0,21.0,5.7,4.0,3.4,2.6,2.0
751,26.8,21.0,2.2,10.0,2.7,4.9,2.9
617,25.7,21.0,1.6,10.5,1.8,2.0,2.5
537,23.3,21.0,2.7,12.9,2.0,3.8,4.2
686,25.4,20.9,3.1,11.0,5.6,2.1,2.5
995,30.2,20.9,1.2,9.7,1.4,2.7,2.5
586,30.8,20.9,0.5,5.9,2.8,0.0,0.8
406,19.3,20.8,1.5,9.2,1.7,1.8,2.7
524,22.8,20.8,3.4,6.2,2.0,1.6,3.2
556,19.2,20.7,1.3,11.5,1.3,2.7,4.1
655,23.4,20.7,1.7,11.4,2.6,3.7,2.2
482,28.4,20.7,2.7,3.5,2.3,2.6,1.6
601,26.1,20.7,1.8,15.9,1.4,4.3,2.3
791,28.3,20.7,2.4,8.0,2.0,3.3,2.1
479,28.2,20.6,2.1,15.6,1.2,3.5,1.4
826,25.8,20.6,2.8,11.9,0.8,3.3,2.5
744,29.8,20.6,2.7,3.2,1.5,3.0,1.5
592,25.7,20.6,4.4,3.2,1.4,3.0,2.0
571,28.6,20.6,1.8,5.8,2.4,3.0,3.5
681,28.4,20.5,3.1,4.3,1.7,3.1,1.7
778,22.2,20.4,5.4,8.1,5.8,3.2,3.2
648,24.9,20.4,2.3,7.0,1.8,4.7,3.1
698,26.8,20.4,3.7,3.8,2.5,1.6,2.9
598,26.0,20.3,2.5,5.7,1.0,2.1,1.4
608,25.3,20.3,1.2,9.6,3.2,3.3,3.2
740,29.6,20.2,1.1,8.0,1.2,2.3,2.5
459,24.2,20.2,3.3,4.2,2.9,3.1,2.2
662,24.5,20.2,4.5,7.9,2.7,2.4,2.2
644,28.0,20.2,4.9,3.4,1.0,4.2,2.1
828,27.6,20.1,1.5,6.9,1.1,3.3,3.4
426,23.7,20.1,5.5,3.7,2.0,5.2,4.1
551,19.7,20.0,1.6,10.3,1.1,1.9,2.3
573,30.2,20.0,2.2,8.6,2.7,4.8,2.8
690,28.8,19.9,1.9,7.8,1.5,3.1,2.4
668,23.0,19.9,2.8,9.7,4.5,3.7,3.5
672,24.0,19.9,3.0,3.9,2.3,3.6,3.1
582,21.6,19.9,5.1,8.0,1.3,4.6,3.4
653,24.2,19.9,2.6,8.8,1.4,3.4,3.3
663,27.6,19.9,2.8,7.0,2.4,3.6,2.8
496,22.5,19.9,1.6,8.8,1.9,3.3,3.0
495,23.6,19.8,3.2,5.7,2.4,5.0,19.8
594,23.8,19.8,1.9,3.5,2.6,2.3,2.7
358,19.9,19.8,1.7,4.8,2.9,2.1,3.5
525,25.0,19.7,5.8,5.4,3.1,4.7,3.1
396,22.0,19.7,2.8,12.9,2.2,4.4,2.7
536,16.2,19.7,2.3,5.9,2.9,2.5,4.7
469,18.8,19.7,3.4,7.4,2.5,4.3,3.1
504,28.0,19.6,4.5,4.4,2.7,4.7,2.0
607,17.3,19.6,1.2,7.2,1.1,4.1,2.9
499,25.0,19.6,1.7,10.0,1.0,4.8,3.6
569,23.7,19.5,0.5,8.1,0.7,2.4,3.1
397,23.4,19.5,2.7,5.5,4.0,4.8,4.6
424,16.3,19.4,1.5,4.8,2.8,3.2,6.8
576,28.8,19.3,3.8,4.2,2.7,2.3,2.5
651,25.0,19.3,1.9,5.7,1.4,1.7,2.6
955,27.3,19.2,1.9,8.0,1.7,3.4,2.7
782,23.0,19.2,1.6,19.7,2.0,2.9,2.9
634,27.6,19.2,2.0,7.4,0.9,2.9,19.2
772,26.6,19.2,2.5,7.1,2.0,1.0,1.7
634,27.6,19.1,2.2,6.3,1.4,2.9,2.5
686,27.4,19.1,3.6,6.0,2.1,4.0,3.0
624,25.0,19.1,2.7,7.1,2.1,3.5,2.5
775,23.5,19.1,1.7,14.1,2.1,2.9,4.5
708,28.3,19.1,2.8,2.8,2.9,2.3,2.1
641,29.1,19.1,1.7,18.2,1.8,2.4,2.6
712,25.4,19.1,2.8,6.2,2.4,1.7,3.2
741,29.6,19.0,4.7,3.8,3.2,3.9,3.0
621,19.4,19.0,0.9,11.0,0.8,2.2,3.0
732,28.2,19.0,5.2,7.4,1.7,2.9,1.6
498,20.8,18.9,1.1,7.1,2.8,3.0,4.2
542,24.6,18.8,1.5,7.9,1.3,2.5,3.1
647,28.1,18.8,3.7,8.4,3.5,3.5,2.5
700,20.6,18.8,1.6,12.5,0.7,1.7,3.7
917,30.6,18.8,0.8,6.3,1.4,1.9,1.9
722,24.9,18.7,2.3,1.7,1.9,1.6,1.6
567,28.4,18.7,1.8,4.6,1.9,3.4,2.6
702,24.2,18.7,0.8,9.8,0.8,3.3,3.5
671,21.0,18.7,1.6,10.7,1.7,3.4,4.8
606,26.3,18.7,2.7,6.2,1.7,2.2,2.5
660,26.4,18.7,5.2,5.6,2.2,3.4,3.1
574,25.0,18.6,2.6,5.3,1.2,2.7,2.2
681,28.4,18.6,0.8,5.3,0.8,1.3,2.5
1069,24.3,18.6,3.6,7.7,2.8,2.2,1.6
815,28.1,18.6,2.0,5.1,1.4,2.3,2.4
705,28.2,18.6,2.5,10.2,1.0,2.2,2.2
668,30.4,18.5,5.7,6.8,1.5,4.6,1.9
527,21.1,18.5,1.5,11.2,1.3,1.9,2.8
467,20.3,18.5,1.8,7.3,1.2,2.4,4.4
418,16.1,18.5,1.9,10.6,3.0,4.4,6.0
575,25.0,18.4,2.3,8.9,3.8,3.5,2.3
839,30.0,18.4,5.6,4.4,3.0,2.2,3.0
696,22.5,18.3,2.3,7.0,1.9,2.0,1.7
474,23.7,18.2,1.8,7.4,1.2,2.4,3.2
693,26.7,18.1,2.5,4.7,1.9,2.7,2.3
649,22.4,18.1,1.5,6.6,1.7,3.8,3.3
517,23.5,18.1,3.4,4.9,2.7,2.8,3.6
1135,27.7,18.1,2.5,5.2,1.8,1.8,1.2
790,27.2,18.1,4.7,3.5,2.1,4.1,2.5
457,16.3,18.1,4.0,6.5,2.7,8.5,3.8
411,18.7,18.1,1.2,7.7,2.2,3.7,4.1
675,26.0,18.1,1.5,3.6,2.8,1.3,3.6
936,26.7,18.1,2.8,5.8,2.1,2.4,1.7
449,20.4,18.0,1.4,13.8,0.8,2.8,2.9
671,19.7,18.0,5.3,7.0,2.3,4.3,3.6
845,30.2,18.0,1.4,9.7,1.2,2.1,1.8
885,27.7,17.9,2.3,6.2,2.0,2.8,2.1
415,18.9,17.9,1.9,4.2,2.4,2.4,1.7
680,26.2,17.9,3.5,4.8,3.2,2.1,2.6
650,27.1,17.8,5.2,3.4,3.7,3.1,2.6
486,18.0,17.8,2.2,8.6,2.1,2.2,3.4
843,25.5,17.8,2.2,4.3,2.0,3.0,1.4
682,28.4,17.7,2.9,6.0,1.9,3.8,3.1
1079,26.3,17.7,2.6,13.5,2.3,1.9,2.5
508,23.1,17.7,0.3,11.6,0.9,1.8,1.8
595,25.9,17.7,2.3,3.4,1.2,1.8,2.7
728,20.2,17.6,5.1,6.9,3.4,2.1,4.8
708,26.2,17.6,9.0,4.9,2.8,3.0,2.3
348,18.3,17.6,0.7,9.0,1.3,1.9,3.4
598,27.2,17.6,1.6,13.3,2.3,2.1,2.9
657,28.6,17.5,3.6,3.1,2.5,3.7,2.1
522,20.9,17.5,1.8,9.4,1.7,3.0,4.0
647,23.1,17.5,3.0,4.4,1.7,4.3,1.8
662,30.1,17.5,2.2,4.4,1.5,1.6,2.0
470,24.7,17.5,5.5,2.5,1.6,1.8,1.7
644,30.7,17.5,3.4,4.1,1.6,1.8,2.6
399,23.5,17.5,1.8,3.1,2.3,4.3,4.1
880,31.4,17.5,1.5,11.4,1.2,2.5,3.0
752,27.9,17.4,6.6,2.1,3.9,3.7,2.5
800,32.0,17.4,3.9,2.7,2.2,4.2,1.4
652,22.5,17.4,2.9,9.1,2.3,3.1,4.6
804,26.8,17.4,1.8,13.6,1.6,2.3,2.8
799,25.0,17.3,9.2,5.2,3.5,2.6,2.4
477,26.5,17.3,3.5,6.3,1.9,4.0,3.6
717,27.6,17.3,4.5,8.9,2.5,2.2,2.5
713,24.6,17.2,2.6,4.3,2.0,3.1,3.4
509,24.2,17.2,1.1,7.1,0.6,1.9,1.3
575,26.1,17.1,2.3,10.5,3.1,2.4,2.8
771,27.5,17.1,4.4,9.1,2.9,4.9,2.7
539,20.7,17.1,3.7,3.7,4.2,6.7,3.6
1015,27.4,17.1,4.2,4.0,2.4,2.3,1.9
663,27.6,17.1,1.8,8.0,1.2,1.9,2.1
575,26.1,17.1,1.3,14.7,3.5,6.1,2.8
499,20.8,17.1,3.1,4.9,4.9,5.4,0.0
697,30.3,17.0,0.6,5.4,1.0,1.3,1.7
548,26.1,17.0,0.9,5.3,1.2,1.5,1.8
501,21.8,17.0,1.3,2.0,0.6,2.0,2.3
494,21.5,17.0,5.4,3.4,2.4,4.5,2.8
626,27.2,17.0,1.3,3.8,1.5,1.4,1.7
338,18.8,16.9,2.5,9.7,1.6,2.7,3.9
477,28.1,16.9,2.8,3.7,1.7,3.3,2.5
904,30.1,16.9,4.4,7.2,2.8,2.8,2.0
580,24.2,16.9,0.6,9.2,1.0,3.8,2.5
627,20.2,16.8,1.4,9.7,1.5,3.7,3.1
724,25.0,16.8,4.0,2.9,1.7,2.6,1.8
669,27.9,16.8,2.2,2.4,1.1,2.2,2.0
571,24.8,16.8,4.5,7.2,2.6,3.3,2.5
573,24.9,16.8,1.3,6.5,0.9,3.4,3.7
662,27.6,16.8,3.4,8.2,2.5,3.2,2.9
996,30.2,16.7,4.7,5.2,2.4,4.2,2.7
534,26.7,16.7,0.5,3.9,1.3,2.2,2.6
763,29.3,16.7,2.4,3.6,1.4,2.5,1.4
594,25.8,16.6,1.7,6.3,0.8,2.3,3.0
672,28.0,16.6,3.3,3.2,2.4,2.0,2.1
590,22.7,16.6,3.4,5.9,1.8,3.8,3.7
675,27.0,16.6,2.3,7.2,2.2,3.6,2.8
470,16.8,16.5,2.0,11.9,2.5,3.8,5.6
548,23.8,16.5,2.6,10.3,1.2,2.5,2.5
341,20.1,16.5,1.2,11.1,0.8,2.3,2.4
727,26.9,16.5,1.0,9.7,0.7,3.1,3.3
488,21.2,16.5,1.2,9.7,1.4,2.8,5.0
733,29.3,16.5,3.5,5.9,2.0,3.0,2.5
533,23.2,16.5,2.4,2.3,1.4,2.6,3.6
660,26.4,16.4,5.6,3.7,2.5,3.3,2.9
555,26.4,16.4,2.1,2.5,0.7,2.1,2.4
501,23.9,16.4,2.0,4.3,2.4,5.2,1.9
519,22.6,16.4,1.0,10.1,0.5,1.5,3.0
687,28.6,16.4,2.8,9.3,0.9,2.8,2.3
496,22.5,16.4,2.8,4.4,1.4,6.8,2.2
1331,26.1,16.4,3.3,8.4,1.8,3.0,3.0
604,25.2,16.4,3.1,4.8,1.4,2.9,3.1
438,16.8,16.4,4.8,4.8,4.0,5.8,4.0
397,15.9,16.4,1.9,9.4,3.4,3.5,6.5
898,32.1,16.3,1.8,6.8,1.5,4.0,1.9
689,27.6,16.3,5.5,4.3,2.3,3.5,3.3
352,19.6,16.3,0.9,6.7,0.9,1.5,2.1
640,25.6,16.3,2.5,6.3,2.2,4.0,3.5
665,28.9,16.2,1.2,3.9,1.4,2.0,2.6
941,30.4,16.2,2.2,4.5,0.3,2.2,1.4
795,27.4,16.2,2.3,11.2,2.6,3.2,3.5
584,27.8,16.2,4.0,8.5,3.5,3.0,1.8
1050,27.6,16.2,2.2,4.5,1.8,1.5,1.7
555,24.1,16.1,0.9,9.2,0.6,2.0,3.7
494,22.5,16.1,2.3,5.1,1.6,2.7,4.0
540,27.0,16.1,5.8,3.4,3.6,2.1,2.0
705,25.2,16.1,1.6,6.0,1.4,1.9,2.6
586,20.9,16.1,2.7,3.9,2.3,3.9,3.6
640,26.7,16.1,3.0,5.1,2.1,2.2,2.1
693,24.8,16.0,0.8,7.9,1.4,3.0,4.2
757,25.2,16.0,5.5,5.8,3.5,3.3,1.5
620,28.2,15.9,1.7,8.8,1.5,1.4,2.0
913,24.7,15.9,2.2,7.7,2.0,2.1,3.2
777,31.1,15.9,2.2,3.8,1.5,1.9,2.1
643,26.8,15.9,9.6,5.1,3.7,1.8,2.4
595,24.8,15.9,4.8,5.2,2.8,2.8,3.4
360,11.3,15.9,1.8,2.0,2.0,2.0,2.6
652,26.1,15.9,2.9,2.1,1.9,5.7,2.4
651,31.0,15.9,4.1,6.1,2.0,4.1,2.2
599,23.0,15.9,4.4,3.9,1.0,4.4,2.4
597,26.0,15.9,1.6,8.3,1.5,3.3,15.9
790,25.5,15.8,1.5,5.8,1.5,1.3,1.6
453,19.7,15.8,2.7,6.1,1.9,4.7,3.1
530,24.1,15.8,0.5,5.7,0.8,4.9,3.4
342,14.9,15.8,0.7,10.0,1.6,2.1,5.1
725,25.0,15.8,4.0,10.7,3.6,3.2,3.0
524,25.0,15.8,1.1,7.0,0.9,2.4,3.5
760,28.1,15.7,3.9,12.5,1.7,2.9,2.5
567,27.0,15.7,3.6,6.8,1.9,1.5,1.4
730,30.4,15.7,2.5,6.4,0.9,1.5,2.1
519,21.6,15.7,2.4,5.4,3.1,3.3,3.5
847,25.7,15.7,4.9,4.1,1.5,3.9,2.9
623,22.3,15.7,2.2,9.0,2.6,3.0,3.9
777,28.8,15.7,4.7,3.2,3.1,4.7,2.5
636,28.9,15.6,2.6,2.0,1.3,2.4,2.0
720,21.8,15.6,3.8,4.7,1.9,2.2,2.6
849,28.3,15.6,4.7,5.6,4.5,2.6,2.0
420,23.3,15.6,2.7,11.0,3.0,4.2,4.3
822,26.5,15.6,4.2,10.4,1.7,0.5,2.1
464,23.2,15.6,2.0,5.2,0.0,3.0,1.0
479,24.0,15.6,3.9,3.7,3.7,3.0,2.1
835,30.9,15.6,2.9,5.8,2.5,3.2,2.7
698,30.3,15.5,2.9,3.1,2.2,2.2,2.4
865,23.4,15.5,1.3,12.5,2.1,4.1,3.6
853,24.4,15.5,1.7,9.1,1.9,1.7,2.5
561,25.5,15.5,1.5,4.7,0.9,2.8,2.2
640,24.6,15.5,3.3,10.3,1.1,3.7,3.9
589,25.6,15.5,2.0,9.8,1.2,3.3,2.8
463,27.2,15.5,2.0,7.9,3.0,5.0,3.7
518,20.7,15.4,1.6,11.3,1.2,2.5,4.3
885,28.5,15.4,2.3,4.2,1.4,2.8,2.0
367,18.4,15.4,3.3,6.8,3.0,2.1,3.9
374,13.4,15.4,1.5,2.7,1.5,2.2,4.9
573,19.8,52.4,6.4,11.1,4.7,3.7,3.2
511,18.3,32.7,12.2,15.8,4.8,5.9,3.5
441,18.4,32.4,5.8,12.3,6.5,5.4,4.1
876,23.1,32.3,4.1,17.1,2.3,3.3,2.6
502,25.1,31.7,3.4,12.1,5.2,3.3,2.8
562,19.4,31.6,3.2,12.7,2.2,1.7,3.8
624,27.1,29.8,3.2,10.5,4.5,4.2,2.9
377,18.0,28.6,5.3,10.7,3.1,5.3,6.5
755,28.0,28.2,3.2,10.3,2.4,3.3,3.4
340,15.5,27.6,0.6,19.2,2.3,0.8,2.2
647,25.9,27.5,3.0,11.6,1.9,2.7,1.7
724,29.0,27.4,4.3,7.3,3.4,4.7,2.9
507,18.1,27.2,4.4,7.7,1.1,1.6,1.7
733,27.1,26.8,5.2,7.0,3.9,1.0,2.1
801,28.6,26.4,3.6,5.8,1.7,2.9,2.8
807,32.3,26.3,1.8,6.5,2.3,2.8,2.9
446,24.8,26.3,4.9,5.8,3.0,3.4,3.2
529,18.2,26.3,3.6,7.7,3.9,7.5,5.9
710,23.7,26.1,5.4,4.6,4.9,2.3,2.1
645,25.8,25.9,2.8,14.7,1.1,2.7,2.5
940,29.4,25.9,3.1,4.9,2.5,3.2,2.3
1032,28.7,25.5,5.9,11.2,4.4,3.5,2.1
826,29.5,25.3,4.8,7.6,3.7,2.8,2.0
743,28.6,25.2,3.8,8.9,1.8,1.9,2.2
720,28.8,25.1,10.0,5.6,6.8,3.2,2.8
1176,29.4,25.0,3.1,4.8,3.3,2.4,2.9
814,25.4,25.0,4.9,14.3,2.0,2.9,2.7
696,21.8,25.0,8.0,11.5,4.1,4.9,3.4
710,29.6,24.9,6.0,5.8,1.5,2.9,1.9
650,25.0,24.7,2.2,3.4,2.4,3.8,1.7
573,19.8,52.4,6.4,11.1,4.7,3.7,3.2
511,18.3,32.7,12.2,15.8,4.8,5.9,3.5
441,18.4,32.4,5.8,12.3,6.5,5.4,4.1
876,23.1,32.3,4.1,17.1,2.3,3.3,2.6
502,25.1,31.7,3.4,12.1,5.2,3.3,2.8
562,19.4,31.6,3.2,12.7,2.2,1.7,3.8
624,27.1,29.8,3.2,10.5,4.5,4.2,2.9
377,18.0,28.6,5.3,10.7,3.1,5.3,6.5
755,28.0,28.2,3.2,10.3,2.4,3.3,3.4
340,15.5,27.6,0.6,19.2,2.3,0.8,2.2
647,25.9,27.5,3.0,11.6,1.9,2.7,1.7
724,29.0,27.4,4.3,7.3,3.4,4.7,2.9
507,18.1,27.2,4.4,7.7,1.1,1.6,1.7
733,27.1,26.8,5.2,7.0,3.9,1.0,2.1
801,28.6,26.4,3.6,5.8,1.7,2.9,2.8
807,32.3,26.3,1.8,6.5,2.3,2.8,2.9
446,24.8,26.3,4.9,5.8,3.0,3.4,3.2
529,18.2,26.3,3.6,7.7,3.9,7.5,5.9
710,23.7,26.1,5.4,4.6,4.9,2.3,2.1
645,25.8,25.9,2.8,14.7,1.1,2.7,2.5
940,29.4,25.9,3.1,4.9,2.5,3.2,2.3
1032,28.7,25.5,5.9,11.2,4.4,3.5,2.1
826,29.5,25.3,4.8,7.6,3.7,2.8,2.0
743,28.6,25.2,3.8,8.9,1.8,1.9,2.2
720,28.8,25.1,10.0,5.6,6.8,3.2,2.8
1176,29.4,25.0,3.1,4.8,3.3,2.4,2.9
814,25.4,25.0,4.9,14.3,2.0,2.9,2.7
696,21.8,25.0,8.0,11.5,4.1,4.9,3.4
710,29.6,24.9,6.0,5.8,1.5,2.9,1.9
650,25.0,24.7,2.2,3.4,2.4,3.8,1.7
630,27.4,24.5,1.4,3.9,1.1,1.7,1.2
454,22.7,24.5,2.9,13.7,2.1,5.0,4.7
552,27.6,24.3,2.6,10.9,6.0,3.1,2.6
648,25.9,24.3,2.2,7.5,1.7,2.7,1.9
546,26.0,24.3,6.2,3.8,4.6,4.0,2.8
458,21.8,24.2,3.1,6.3,4.1,2.5,1.9
897,24.9,24.2,1.6,10.8,1.4,3.7,3.0
552,27.6,24.2,4.2,4.6,4.3,3.8,2.4
749,26.8,24.1,2.0,8.6,2.3,3.2,2.8
669,24.8,24.0,6.8,4.8,8.5,2.8,3.2
841,28.0,24.0,2.7,3.5,2.1,2.3,1.8
433,24.1,23.9,2.1,5.5,2.7,2.4,3.6
671,29.2,23.5,4.0,5.3,3.0,3.5,3.5
520,27.4,23.4,2.8,7.4,5.2,4.7,2.7
710,23.7,23.4,2.3,21.9,3.3,2.3,2.7
667,23.0,23.4,2.4,3.2,1.5,2.5,2.1
616,24.6,23.3,2.0,6.1,1.9,2.3,2.5
611,21.8,23.3,1.7,10.7,2.9,1.4,3.1
954,24.5,23.2,4.1,11.1,2.8,4.3,2.8
698,29.1,23.2,2.7,5.8,1.6,2.4,2.3
603,27.4,23.2,1.5,5.9,1.8,4.1,3.1
631,27.4,23.2,3.6,4.3,2.7,2.2,2.6
911,28.5,23.1,7.0,5.2,5.5,3.9,3.2
694,23.9,23.1,2.3,6.4,3.4,3.7,2.5
516,27.2,23.1,3.6,5.6,2.4,3.2,2.0
540,23.5,23.1,5.5,7.3,3.6,4.5,3.1
639,26.6,22.8,5.8,7.6,2.6,2.1,2.3
740,27.4,22.8,4.5,12.6,1.8,3.3,2.9
608,30.4,22.7,1.9,9.9,1.3,1.0,2.7
551,30.6,22.7,3.9,15.1,2.9,4.2,2.6
609,27.7,22.5,2.1,6.0,2.2,1.9,3.2
760,29.2,22.5,1.4,5.0,1.3,3.4,3.6
618,22.9,22.5,1.5,11.8,2.5,3.2,3.2
842,30.1,22.4,4.9,7.9,2.9,4.6,2.1
548,27.4,22.4,2.0,8.8,2.4,5.1,4.3
474,18.2,22.2,1.5,10.7,1.5,2.2,4.5
592,29.6,22.1,3.7,11.8,2.3,3.4,2.8
597,22.1,22.1,2.9,9.2,3.5,2.2,2.8
596,25.9,22.1,3.8,8.7,1.1,1.3,2.3
745,27.6,22.0,2.0,3.7,1.0,2.5,1.4
517,22.5,22.0,4.9,9.2,2.2,5.4,4.3
481,22.9,21.9,5.7,3.7,2.0,3.1,1.5
663,28.8,21.9,3.3,8.8,3.1,3.8,2.5
688,24.6,21.8,2.3,6.5,1.4,2.8,2.6
672,30.5,21.8,3.3,7.2,2.0,2.5,2.3
665,27.7,21.8,3.0,3.7,3.4,4.0,2.5
614,26.7,21.7,1.4,14.6,2.2,2.6,1.8
528,24.0,21.7,3.3,8.2,2.1,3.8,3.2
976,27.1,21.7,6.8,3.1,1.8,2.8,1.8
655,26.2,21.5,3.7,10.9,1.7,3.3,2.7
802,24.3,21.5,7.2,6.7,2.4,3.4,2.5
681,28.4,21.4,1.9,9.8,1.3,3.0,2.4
639,25.6,21.4,3.9,5.6,2.2,2.9,3.1
789,29.2,21.3,2.6,1.5,2.9,1.7,1.4
603,26.2,21.3,2.5,7.5,1.9,1.4,1.9
644,28.0,21.3,11.5,7.7,3.4,3.0,1.9
542,20.1,21.3,2.1,6.8,3.2,2.1,2.9
505,26.6,21.0,3.6,7.0,2.9,2.4,3.6
679,28.3,21.0,3.1,9.9,1.8,3.1,3.4
813,38.7,20.9,1.3,10.0,1.3,2.4,2.1
593,22.0,20.9,1.4,8.7,1.0,2.7,3.8
375,17.9,20.7,1.2,2.9,1.7,2.1,2.1
318,13.3,20.7,3.8,12.2,1.3,4.6,6.5
734,26.2,20.7,7.1,10.5,2.5,3.2,3.0
651,25.0,20.6,2.4,9.4,1.6,1.4,2.8
327,15.6,20.6,2.0,12.4,1.9,4.2,6.9
609,25.4,20.5,2.4,6.5,1.1,3.2,2.1
698,25.9,20.5,3.3,7.8,1.9,2.4,2.7
771,27.5,20.4,6.2,4.4,2.1,4.9,2.3
845,27.3,20.4,4.5,1.9,1.3,1.4,3.1
407,18.5,20.4,2.5,11.8,1.9,4.3,3.1
558,23.3,20.4,3.4,5.4,4.1,5.4,2.4
739,25.5,20.3,2.7,11.6,3.1,2.4,2.3
626,22.4,20.3,6.6,7.7,5.9,4.2,3.3
913,32.6,20.3,2.4,9.6,1.1,3.1,0.0
562,19.4,20.2,1.9,4.7,2.3,3.6,5.0
602,28.7,20.2,3.1,5.8,3.8,3.2,2.7
626,27.2,20.2,1.4,6.4,1.1,4.2,2.0
712,28.5,20.2,6.8,4.0,4.8,2.8,2.5
682,29.7,20.0,3.6,3.3,2.1,3.2,2.6
609,25.4,20.0,0.9,8.5,1.5,1.8,2.5
605,27.5,20.0,4.8,7.6,2.2,4.2,1.6
686,25.4,20.0,7.0,3.7,7.1,2.2,2.5
683,24.4,20.0,2.1,9.5,2.8,3.8,3.7
551,24.0,19.9,4.1,5.8,2.9,5.0,3.1
650,27.1,19.9,4.2,6.6,2.9,3.1,3.2
692,30.1,19.9,2.1,11.4,1.5,3.7,2.6
639,26.6,19.9,1.8,3.0,2.0,2.6,3.1
451,19.6,19.9,1.8,9.4,4.1,2.4,3.8
1006,29.6,19.8,4.4,2.1,2.6,4.6,1.8
526,22.9,19.8,1.5,7.8,2.3,1.9,3.5
358,18.8,19.8,3.0,7.2,3.8,5.9,3.7
616,22.0,19.7,3.4,5.3,1.7,2.4,2.2
583,23.3,19.7,4.8,7.8,1.0,4.1,3.5
785,30.2,19.6,2.7,4.2,0.8,3.1,1.9
505,22.0,19.6,2.0,8.0,2.5,3.1,3.9
362,10.3,19.6,1.2,7.1,1.5,1.4,3.0
811,30.0,19.6,2.1,6.1,1.8,2.9,2.5
581,26.4,19.6,1.4,11.8,0.4,3.7,3.0
572,23.8,19.5,1.9,6.8,1.2,2.4,3.1
469,26.1,19.4,2.1,9.0,1.2,2.9,3.2
600,25.0,19.4,1.1,11.4,1.5,3.1,2.6
572,26.0,19.4,3.2,3.1,2.1,4.6,2.4
609,30.5,19.3,4.8,6.6,3.1,2.9,3.6
1158,26.3,19.3,4.9,4.6,3.5,2.8,2.6
730,25.2,19.3,5.0,5.9,1.6,4.0,2.9
866,24.1,19.2,2.1,2.9,2.6,3.4,2.6
750,30.0,19.2,2.4,3.8,1.7,2.5,1.7
857,27.6,19.2,3.6,5.0,2.1,1.8,1.9
841,26.3,19.2,2.1,10.0,1.6,3.2,3.3
344,12.3,19.2,5.5,6.0,2.7,7.7,4.5
553,25.1,19.2,0.6,9.5,0.8,2.0,2.3
604,25.2,19.1,2.4,3.8,1.2,2.6,2.2
679,26.1,19.1,2.7,5.3,1.6,1.8,3.1
612,26.6,19.1,1.9,11.8,2.5,3.8,1.7
770,27.5,19.1,2.2,6.8,1.1,3.9,3.4
792,28.3,19.1,2.5,4.6,1.5,2.8,1.0
672,32.0,19.0,3.5,2.7,1.6,4.3,1.1
711,20.3,19.0,3.1,4.9,1.8,2.6,1.9
518,22.5,19.0,3.5,10.2,2.5,2.8,2.8
518,27.3,19.0,1.9,3.2,2.1,6.2,3.0
453,22.7,18.9,4.2,9.3,2.3,4.3,1.7
725,25.0,18.9,3.0,4.7,1.0,2.6,2.2
676,27.0,18.9,1.5,11.5,1.7,2.0,2.3
812,27.1,18.9,5.8,6.2,4.2,6.5,3.1
477,22.7,18.9,2.3,11.1,1.9,2.7,3.5
720,24.0,18.8,4.4,4.1,4.1,3.9,2.9
557,29.3,18.8,4.7,3.6,1.7,3.8,2.1
585,29.3,18.8,3.8,3.8,1.0,4.4,2.6
395,17.2,18.8,1.1,2.4,1.9,3.3,3.4
546,24.8,18.8,2.8,5.5,3.1,2.2,1.9
780,28.9,18.7,2.6,8.2,1.9,4.6,4.1
531,17.7,18.7,2.6,8.6,2.2,2.5,5.1
545,24.8,18.7,2.6,8.7,3.2,4.2,3.2
846,23.5,18.6,4.2,7.5,3.4,1.6,2.4
672,29.2,18.6,2.4,7.0,2.0,2.4,2.1
708,24.4,18.6,1.8,9.6,0.8,2.8,2.0
527,22.9,18.5,2.1,4.6,1.9,2.9,2.7
557,26.5,18.5,5.6,3.6,3.7,2.8,2.1
649,24.0,18.4,3.5,7.7,3.0,4.1,2.8
578,28.9,18.4,4.6,7.4,2.7,4.2,1.9
587,22.6,18.4,2.9,9.9,1.2,3.2,3.8
901,29.1,18.3,4.5,5.6,2.1,4.0,2.8
825,30.6,18.3,4.4,6.9,1.7,3.9,2.6
823,23.5,18.2,1.9,3.7,2.9,2.5,2.1
539,24.5,18.2,9.0,6.3,8.6,2.0,3.6
669,26.8,18.2,1.1,7.7,1.0,1.4,0.9
880,29.3,18.2,1.7,8.0,1.3,1.6,2.7
817,31.4,18.2,2.1,3.8,0.3,2.1,1.8
597,23.0,18.2,10.0,5.3,3.4,4.4,2.1
719,27.7,18.1,2.4,3.6,1.6,4.2,1.8
705,25.2,18.1,5.0,6.2,2.0,3.6,1.5
647,23.1,18.1,2.7,7.9,1.7,2.4,2.7
722,24.9,18.1,1.8,9.3,0.5,2.2,3.0
673,24.9,18.1,4.5,8.6,2.2,2.7,2.7
674,27.0,18.0,1.8,7.6,0.3,1.9,3.0
837,25.4,18.0,4.1,11.4,1.5,2.6,1.8
1198,27.2,18.0,2.1,4.6,1.8,4.0,1.5
608,22.5,18.0,1.5,13.3,1.8,3.3,3.5
631,27.4,18.0,5.7,7.2,2.5,2.0,1.8
814,24.7,17.9,1.8,7.1,0.6,1.5,1.2
618,26.9,17.9,1.5,3.2,1.7,1.7,1.9
541,25.8,17.9,4.0,5.0,3.4,4.2,3.1
658,28.6,17.8,3.1,6.1,1.7,3.5,2.6
352,16.0,17.7,1.5,3.2,2.6,1.5,2.8
520,17.9,17.7,1.0,7.3,2.3,2.7,3.9
455,22.8,17.7,1.7,6.9,2.4,3.6,2.8
569,19.0,17.7,1.8,2.5,1.8,2.6,2.5
609,25.4,17.7,1.5,10.8,1.3,3.3,3.6
684,29.7,17.6,5.5,9.1,1.8,2.6,2.6
753,31.4,17.6,1.2,6.5,1.2,2.8,2.3
458,20.8,17.6,4.8,3.3,2.1,4.2,2.0
791,25.5,17.6,2.5,6.8,2.3,3.2,2.6
504,20.2,17.6,2.7,4.6,1.2,5.4,4.1
730,29.2,17.6,1.8,5.0,2.1,1.3,1.6
483,24.2,17.6,4.9,6.3,5.0,4.4,3.1
786,22.5,17.5,2.6,8.8,2.0,4.2,3.8
698,23.3,17.5,1.4,4.7,2.1,3.0,3.0
572,26.0,17.5,3.2,6.4,1.8,2.5,2.6
428,18.6,17.5,3.1,4.0,1.1,3.0,3.7
622,25.9,17.5,4.5,5.4,1.0,3.2,2.6
467,19.5,17.5,3.3,12.2,3.3,3.2,3.3
689,30.0,17.5,1.8,3.8,2.0,3.6,3.2
455,23.9,17.4,2.9,9.3,1.3,2.7,2.0
782,30.1,17.4,1.7,3.1,1.1,2.4,2.0
716,29.8,17.4,2.5,4.9,1.3,3.2,3.5
335,16.8,17.4,1.1,7.5,1.7,1.9,4.0
705,29.4,17.3,2.3,3.8,1.1,4.4,2.7
612,27.8,17.3,4.2,5.3,1.8,4.1,2.2
453,25.2,17.2,2.4,8.8,2.5,2.9,3.8
1160,26.4,17.2,1.3,15.4,1.2,2.3,3.1
632,22.6,17.2,2.7,6.8,1.9,5.7,2.0
443,13.4,17.1,2.5,7.7,1.5,2.0,1.8
520,27.4,17.1,1.0,6.5,2.1,3.1,2.6
614,16.2,17.1,1.2,6.6,2.1,2.1,3.1
1131,29.8,17.1,5.0,9.5,2.1,3.0,2.6
470,21.4,17.1,1.6,7.2,2.2,4.3,3.3
751,31.3,17.0,3.0,4.9,1.7,3.8,2.3
717,29.9,17.0,4.5,6.1,2.4,4.6,2.3
631,27.4,17.0,3.0,6.9,2.7,3.8,2.4
743,27.5,17.0,3.1,4.2,1.0,2.8,2.1
924,24.3,16.9,1.9,3.5,1.9,1.0,1.3
522,26.1,16.9,1.5,10.4,0.8,3.6,3.6
750,26.8,16.9,5.7,6.9,3.4,5.0,3.1
574,23.9,16.9,5.3,5.4,2.8,4.0,3.1
474,24.9,16.9,2.4,5.8,2.2,2.6,3.1
672,26.9,16.9,0.8,4.5,0.6,2.3,2.5
547,24.9,16.8,3.6,2.8,1.9,3.0,2.6
312,13.0,16.8,1.3,4.7,2.5,2.7,2.5
562,29.6,16.8,2.7,10.3,2.2,3.4,2.5
626,25.0,16.8,1.4,5.9,2.8,3.1,1.4
665,24.6,16.7,4.3,5.1,1.3,2.6,2.8
396,15.2,16.7,3.2,6.5,3.0,4.6,3.7
722,30.1,16.7,3.5,3.6,1.3,3.3,2.9
575,25.0,16.7,2.2,6.6,1.9,3.5,3.2
694,28.9,16.7,2.2,8.3,1.8,3.9,2.4
510,21.3,16.7,1.7,3.5,0.6,0.8,1.9
480,25.3,16.7,2.9,10.2,1.1,3.1,3.3
777,27.8,16.6,1.3,12.5,1.6,1.3,2.5
816,31.4,16.6,4.3,5.3,1.5,3.1,1.7
707,23.6,16.6,1.0,5.0,1.1,1.8,2.0
818,24.8,16.5,1.6,7.5,0.9,3.2,3.3
731,30.5,16.5,3.2,5.2,1.6,1.8,2.1
695,27.8,16.5,2.8,5.4,2.3,4.7,2.5
397,18.0,16.5,2.3,12.2,2.3,4.8,4.7
409,18.6,16.5,1.6,3.4,2.4,3.4,2.3
570,24.8,16.5,1.3,8.7,1.4,1.7,0.0
566,27.0,16.4,0.9,14.1,1.5,2.1,1.9
328,14.9,16.4,2.1,2.7,2.7,3.5,2.2
586,21.7,16.4,1.4,8.5,2.3,2.5,3.0
636,24.5,16.4,2.8,9.6,0.9,3.6,3.3
752,28.9,16.3,3.6,4.6,2.6,3.6,2.9
722,27.8,16.3,2.1,10.3,1.7,2.7,3.1
612,22.7,16.3,4.0,5.2,3.4,4.2,2.5
587,23.5,16.2,1.5,1.7,1.6,1.1,2.3
591,26.9,16.2,3.1,7.1,2.5,2.8,2.8
398,20.9,16.2,1.8,10.1,2.1,6.3,5.2
828,29.6,16.2,4.8,7.0,3.0,3.6,2.2
734,27.2,16.2,1.3,4.3,1.1,1.1,2.6
563,24.5,16.2,1.3,7.0,0.6,3.4,1.8
612,24.5,16.2,3.9,7.7,1.5,4.8,2.7
555,23.1,16.1,1.6,4.3,1.4,1.7,2.0
674,21.7,16.1,5.4,6.8,3.1,2.7,3.3
741,27.4,16.1,4.0,2.4,2.8,4.0,2.3
364,13.0,16.1,2.9,3.3,1.3,1.9,2.9
551,27.6,16.1,1.9,2.8,1.2,3.1,2.5
642,27.9,16.1,1.8,2.6,1.2,1.8,1.2
457,19.9,16.0,2.6,7.2,3.2,2.7,2.4
543,22.6,16.0,4.7,4.5,3.1,2.4,3.5
701,29.2,16.0,2.6,14.4,3.7,3.1,3.1
792,29.3,16.0,4.4,18.5,2.2,1.3,3.8
552,23.0,15.9,5.0,4.2,1.3,2.6,4.2
374,15.6,15.9,2.9,4.6,2.7,3.3,2.9
805,29.8,15.9,0.8,9.2,0.8,2.0,1.6
789,21.3,15.9,1.7,13.7,1.3,2.9,3.2
671,21.0,15.9,2.5,4.7,2.7,2.6,1.1
487,24.4,15.8,1.9,13.5,1.7,2.6,3.7
621,28.2,15.8,2.9,4.8,2.3,6.2,3.2
642,26.8,15.8,1.2,1.7,0.5,1.4,2.5
757,20.5,15.8,2.3,5.8,2.6,1.7,3.8
780,30.0,15.8,2.7,7.5,2.5,1.9,1.9
642,29.2,15.8,4.8,4.9,3.1,4.2,1.8
445,21.2,15.7,3.3,2.4,3.2,2.8,3.2
563,25.6,15.7,4.8,7.0,4.1,3.1,1.9
494,27.4,15.7,2.6,5.1,1.6,4.5,3.8
425,22.4,15.7,1.9,8.4,2.0,3.6,3.8
640,25.6,15.7,0.8,10.2,0.8,2.6,3.0
357,13.2,15.7,1.7,2.6,1.6,2.2,2.0
453,20.6,15.7,3.3,4.7,1.7,2.8,3.4
637,29.0,15.7,2.3,4.4,1.8,4.4,2.2
674,24.1,15.6,2.6,6.7,2.8,2.6,2.7
590,21.9,15.6,4.4,6.2,3.0,3.9,2.9
541,27.1,15.6,5.0,2.9,3.0,2.2,2.7
652,25.1,15.6,2.2,5.2,0.7,1.2,2.8
308,14.7,15.6,1.4,15.3,2.1,3.4,7.4
688,20.8,15.6,2.9,7.1,2.9,3.8,3.4
705,25.2,15.6,1.8,7.9,2.2,2.9,3.5
546,20.2,15.5,2.0,4.5,1.9,1.3,1.3
701,18.4,15.5,1.6,3.8,1.8,1.0,3.0
489,23.3,15.5,0.1,14.5,0.9,2.7,2.6
809,22.5,15.5,0.9,9.7,2.1,2.5,2.7
574,20.5,15.5,2.2,9.3,1.3,3.7,3.2
657,27.4,15.4,2.2,3.7,2.1,2.7,2.6
384,16.0,15.4,1.4,7.7,1.5,2.2,2.7
484,21.0,15.4,4.0,2.5,3.2,3.4,1.7
590,25.7,15.4,1.7,12.4,1.3,2.9,4.1
1002,21.8,15.4,1.3,12.0,0.6,3.1,3.6
600,25.0,15.4,3.7,11.3,3.1,4.9,3.7
571,19.0,15.4,2.0,8.8,1.7,3.0,3.0
559,22.4,15.3,1.3,7.2,0.9,1.7,3.8
522,20.1,15.3,0.8,6.7,1.2,2.6,3.4
474,20.6,15.3,1.6,9.3,1.5,2.0,4.5
661,28.7,15.3,4.6,4.3,3.8,2.8,3.1
732,30.5,15.3,1.8,1.8,1.0,2.6,2.4
622,29.6,15.2,3.4,5.4,2.6,3.2,3.3
967,21.0,15.2,2.2,5.7,1.7,2.5,2.8
385,20.3,15.2,2.5,5.0,2.6,3.4,3.7
377,14.5,15.2,3.0,4.3,2.6,2.9,2.3
693,30.1,15.2,2.8,5.1,0.9,2.8,3.0
785,29.1,15.2,1.7,7.1,2.4,2.0,1.4
393,20.7,15.1,2.2,5.0,1.0,2.0,1.5
743,28.6,15.1,1.9,4.7,1.9,1.9,2.8
397,14.7,49.3,6.1,8.9,3.3,5.7,4.0
594,22.0,48.6,1.0,16.2,2.0,2.0,3.2
351,14.0,46.1,10.0,19.7,5.6,5.8,2.4
1029,29.4,40.1,3.5,14.2,3.2,2.5,1.4
658,26.3,38.5,4.9,15.8,3.9,3.1,3.5
972,27.8,36.0,1.9,11.8,1.9,2.8,3.1
343,12.7,33.8,6.6,13.9,4.9,4.9,5.2
607,25.3,33.1,1.8,22.8,2.6,1.6,2.6
410,19.5,32.0,2.6,9.4,7.3,4.5,3.4
637,29.0,31.9,2.0,11.9,1.8,2.3,2.4
580,26.4,30.4,3.0,16.1,3.0,2.3,2.2
639,29.0,30.2,5.2,7.6,2.5,2.2,2.9
880,24.4,30.1,3.9,13.0,1.7,3.9,2.9
422,20.1,30.0,0.8,18.0,2.2,5.2,5.6
371,14.3,29.2,6.7,8.2,2.8,4.1,5.3
622,29.6,28.7,6.0,3.1,2.8,2.1,1.2
833,30.9,27.9,3.0,3.2,2.1,3.8,2.2
757,27.0,27.6,3.1,5.0,3.8,2.9,3.1
616,28.0,27.5,1.6,8.7,2.4,2.8,2.0
764,28.3,27.2,3.0,17.2,1.0,3.3,2.6
708,28.3,27.2,1.3,8.5,1.5,3.2,2.6
832,28.7,27.0,2.7,5.1,2.0,2.8,2.0
631,28.7,26.9,3.4,10.6,2.0,4.0,3.9
794,29.4,26.6,4.1,5.0,2.5,3.7,2.9
651,28.3,26.3,3.7,11.6,2.1,4.5,3.7
680,26.2,26.0,2.6,10.4,1.1,2.5,2.8
675,25.0,25.9,2.9,6.1,3.1,4.7,2.4
343,13.7,25.7,0.8,19.3,2.9,3.5,5.2
975,24.4,25.6,2.0,19.5,1.2,2.3,3.7
1070,28.2,25.5,3.9,10.7,2.1,3.6,2.2
516,22.4,25.1,1.3,13.6,0.9,3.9,3.8
397,14.7,49.3,6.1,8.9,3.3,5.7,4.0
594,22.0,48.6,1.0,16.2,2.0,2.0,3.2
351,14.0,46.1,10.0,19.7,5.6,5.8,2.4
1029,29.4,40.1,3.5,14.2,3.2,2.5,1.4
658,26.3,38.5,4.9,15.8,3.9,3.1,3.5
972,27.8,36.0,1.9,11.8,1.9,2.8,3.1
343,12.7,33.8,6.6,13.9,4.9,4.9,5.2
607,25.3,33.1,1.8,22.8,2.6,1.6,2.6
410,19.5,32.0,2.6,9.4,7.3,4.5,3.4
637,29.0,31.9,2.0,11.9,1.8,2.3,2.4
580,26.4,30.4,3.0,16.1,3.0,2.3,2.2
639,29.0,30.2,5.2,7.6,2.5,2.2,2.9
880,24.4,30.1,3.9,13.0,1.7,3.9,2.9
422,20.1,30.0,0.8,18.0,2.2,5.2,5.6
371,14.3,29.2,6.7,8.2,2.8,4.1,5.3
622,29.6,28.7,6.0,3.1,2.8,2.1,1.2
833,30.9,27.9,3.0,3.2,2.1,3.8,2.2
757,27.0,27.6,3.1,5.0,3.8,2.9,3.1
616,28.0,27.5,1.6,8.7,2.4,2.8,2.0
764,28.3,27.2,3.0,17.2,1.0,3.3,2.6
708,28.3,27.2,1.3,8.5,1.5,3.2,2.6
832,28.7,27.0,2.7,5.1,2.0,2.8,2.0
631,28.7,26.9,3.4,10.6,2.0,4.0,3.9
794,29.4,26.6,4.1,5.0,2.5,3.7,2.9
651,28.3,26.3,3.7,11.6,2.1,4.5,3.7
680,26.2,26.0,2.6,10.4,1.1,2.5,2.8
675,25.0,25.9,2.9,6.1,3.1,4.7,2.4
343,13.7,25.7,0.8,19.3,2.9,3.5,5.2
975,24.4,25.6,2.0,19.5,1.2,2.3,3.7
1070,28.2,25.5,3.9,10.7,2.1,3.6,2.2
516,22.4,25.1,1.3,13.6,0.9,3.9,3.8
586,21.7,24.5,1.4,13.7,0.6,1.9,2.7
684,26.3,24.4,5.0,10.9,1.9,3.2,3.3
652,27.2,24.1,2.0,3.6,2.7,4.4,2.2
788,23.9,24.0,2.9,9.7,2.6,0.6,3.1
671,30.5,23.8,2.3,6.0,1.9,2.5,1.8
787,30.3,23.7,0.9,7.1,0.7,1.6,2.0
588,24.5,23.7,2.4,11.5,5.6,2.8,2.5
810,28.9,23.2,4.7,3.0,3.0,2.6,2.0
293,11.7,23.0,6.0,7.2,3.1,4.0,4.5
615,29.3,22.9,2.7,9.6,1.1,3.3,1.5
515,23.4,22.8,2.5,6.3,3.5,2.4,2.5
595,22.9,22.8,1.4,11.1,2.1,4.0,4.0
616,26.8,22.7,2.4,4.7,2.7,3.5,2.6
565,20.2,22.6,2.0,7.0,2.8,2.8,3.3
628,19.6,22.6,1.4,11.8,2.0,3.2,3.5
371,16.9,22.5,3.8,10.8,6.3,6.0,5.1
552,22.1,22.5,3.8,12.5,2.6,3.2,2.8
962,25.3,22.5,2.4,9.1,3.7,4.2,3.4
749,26.8,22.2,2.4,5.8,0.8,3.1,2.7
563,26.8,21.9,2.9,8.7,1.3,4.7,3.1
677,28.2,21.7,2.5,10.6,1.1,2.5,2.7
558,18.6,21.7,2.1,12.0,3.6,2.4,5.1
805,16.8,21.6,2.3,16.4,1.2,2.4,2.8
628,26.2,21.6,1.1,4.1,1.4,2.2,1.9
501,21.8,21.5,0.6,8.5,0.4,2.9,4.0
1035,21.6,21.5,6.1,10.0,3.7,4.9,2.1
333,12.3,21.4,2.3,6.5,2.9,2.5,3.7
335,13.4,21.4,0.7,10.8,1.4,3.2,3.3
556,19.9,21.3,1.4,7.6,1.2,2.9,3.0
829,28.6,21.2,1.7,7.8,1.7,1.8,3.0
799,32.0,21.1,2.3,9.7,1.4,2.7,2.6
850,27.4,20.9,5.1,15.7,2.4,3.9,2.6
532,23.1,20.9,1.7,10.3,2.1,3.9,3.4
783,30.1,20.9,3.1,2.6,2.2,2.9,2.4
771,25.7,20.7,1.9,8.3,1.2,3.1,1.5
492,23.4,20.7,2.7,3.1,4.1,3.7,4.2
748,23.4,20.5,3.4,5.0,1.7,1.0,1.6
716,23.9,20.5,4.3,5.8,2.4,2.5,3.0
680,25.2,20.4,2.2,17.9,2.6,3.9,2.8
632,28.7,20.4,1.9,13.7,2.4,2.3,3.3
502,23.9,20.4,2.4,10.2,1.5,4.9,4.0
653,21.8,20.4,7.7,11.8,3.3,4.4,3.0
632,24.3,20.4,3.7,5.7,4.4,4.6,2.4
338,11.3,20.3,3.0,8.3,2.1,2.7,6.0
539,25.7,20.2,1.7,5.1,1.7,2.6,2.1
380,15.8,20.2,10.1,4.6,2.6,6.0,3.0
494,20.6,20.1,2.5,7.1,3.0,3.6,3.5
578,22.2,20.1,4.0,7.5,0.4,3.3,2.7
1061,27.9,20.1,2.9,6.7,1.5,3.2,2.1
496,20.7,20.1,3.7,5.9,2.5,2.8,3.4
800,32.0,20.0,3.4,3.6,2.6,3.5,1.5
740,23.9,20.0,5.7,4.1,3.6,2.0,2.5
620,25.8,20.0,4.6,7.6,2.0,5.1,3.1
675,28.1,20.0,4.6,5.7,2.5,3.7,2.3
646,28.1,19.9,1.5,4.3,1.1,3.7,0.5
455,19.0,19.9,0.5,7.1,0.8,2.5,4.4
697,30.3,19.9,3.6,4.4,1.8,4.0,1.5
590,24.6,19.9,1.0,6.6,1.5,2.5,2.8
520,22.6,19.8,2.3,2.8,1.2,2.5,1.4
534,22.3,19.8,1.8,6.7,2.3,2.9,2.2
776,27.7,19.8,2.9,12.5,1.3,3.1,2.9
828,29.6,19.7,1.7,10.5,1.5,2.7,3.1
480,20.0,19.7,6.7,2.7,4.5,3.9,3.5
615,26.7,19.5,4.5,9.1,2.3,2.3,3.0
442,22.1,19.4,3.0,6.0,1.5,3.8,2.6
664,26.6,19.4,2.1,4.0,2.2,2.7,2.8
660,28.7,19.3,3.1,7.3,1.6,3.7,2.2
589,24.5,19.3,4.3,2.7,2.5,3.0,1.8
969,26.9,19.3,5.0,12.0,1.9,4.2,2.6
912,23.4,19.3,2.4,13.9,1.1,2.7,2.8
570,21.9,19.3,3.0,5.9,1.7,1.8,2.2
680,27.2,19.2,4.8,4.0,3.2,1.6,2.0
657,24.3,19.1,2.5,12.2,0.6,2.3,3.2
493,24.7,19.1,2.2,4.4,2.9,2.7,2.5
668,26.7,19.1,0.6,9.4,0.3,1.7,2.3
812,28.0,19.0,3.7,3.2,1.7,3.7,3.0
813,28.0,18.9,3.2,3.8,1.7,2.8,2.8
693,27.7,18.8,4.1,4.7,2.3,3.8,2.3
586,25.5,18.8,0.7,10.8,1.1,2.2,2.6
570,23.8,18.8,4.7,4.8,2.7,3.3,4.4
597,24.9,18.7,1.6,15.1,2.8,5.3,4.3
617,24.7,18.5,3.8,3.6,2.2,2.6,3.1
341,13.1,18.5,1.0,2.3,2.5,2.9,2.3
699,30.4,18.4,3.2,7.8,2.9,4.1,2.9
427,19.4,18.4,3.7,7.5,2.5,2.7,2.5
808,28.9,18.4,1.9,5.2,1.9,2.3,0.9
831,36.1,18.4,3.2,2.4,1.8,1.6,2.3
300,12.5,18.3,2.5,5.1,4.7,5.0,2.8
639,27.8,18.3,7.1,10.1,2.7,6.9,2.5
469,23.5,18.2,1.3,17.1,3.4,2.8,3.1
687,27.5,18.2,5.5,8.1,3.9,5.0,2.6
686,27.4,18.2,2.5,7.9,1.9,4.3,1.8
638,25.5,18.1,0.8,6.6,1.3,2.8,1.8
604,24.2,18.1,3.0,9.4,0.8,1.9,3.1
512,21.3,18.1,1.9,5.1,1.9,1.7,1.8
528,24.0,18.1,2.3,8.0,2.1,2.8,3.0
656,25.2,18.0,6.5,6.5,4.5,5.0,2.7
681,27.2,18.0,2.9,3.9,1.8,2.8,2.6
715,24.7,18.0,1.7,12.9,0.6,3.4,3.2
566,24.6,18.0,1.9,4.6,0.8,4.1,2.5
647,25.9,18.0,1.4,6.2,2.0,3.0,2.4
700,30.4,17.9,1.6,4.1,1.1,2.4,2.5
572,24.9,17.8,1.5,10.9,1.9,3.1,2.9
643,26.8,17.8,3.3,6.3,2.4,3.9,3.3
400,18.2,17.8,0.8,1.6,0.5,1.9,2.6
649,25.0,17.8,1.5,7.1,1.8,1.8,2.8
603,23.2,17.7,4.5,11.6,2.2,4.8,3.0
502,20.9,17.7,0.9,9.3,1.3,1.8,3.3
888,27.8,17.7,1.0,8.9,1.1,1.4,2.1
523,22.7,17.7,1.9,6.5,2.1,2.8,2.1
552,24.0,17.6,1.7,4.5,0.8,3.7,3.8
665,23.8,17.6,3.8,9.3,3.9,4.1,2.8
821,28.3,17.5,1.6,8.7,1.0,1.6,1.3
520,24.8,17.5,2.5,10.2,1.4,2.5,3.3
491,24.6,17.5,3.3,7.8,2.3,4.4,3.1
860,29.7,17.5,2.8,2.6,1.5,1.7,2.3
644,23.0,17.4,3.8,9.1,3.8,3.8,4.1
578,24.1,17.4,1.8,6.0,1.0,1.8,2.5
645,26.9,17.4,2.4,3.6,2.0,2.2,2.9
822,28.3,17.4,2.8,6.4,2.8,2.5,2.9
527,18.2,17.4,3.8,5.1,2.4,1.8,2.4
839,23.3,17.3,2.6,6.0,2.7,1.8,2.9
611,25.5,17.3,0.4,8.8,0.5,2.1,3.6
548,22.8,17.2,0.9,8.6,1.9,2.6,4.3
759,24.5,17.2,9.4,8.7,4.2,2.4,2.0
621,25.9,17.2,2.5,10.3,1.8,3.1,3.6
752,27.9,17.1,2.6,7.6,2.1,1.6,2.0
603,26.2,17.1,1.6,3.5,0.4,1.1,2.4
669,29.1,17.1,1.3,6.8,2.3,3.1,2.3
782,25.2,17.1,1.6,7.4,0.2,1.0,1.7
652,29.6,17.1,3.5,4.9,1.7,2.6,0.9
432,21.6,17.0,1.4,4.6,2.1,1.9,2.2
764,21.2,17.0,3.2,7.6,1.6,3.3,2.9
662,24.5,16.9,1.4,4.3,2.3,3.9,1.7
572,28.6,16.9,3.2,10.7,2.5,1.6,3.2
815,31.3,16.9,3.5,4.1,3.1,4.0,2.2
751,30.0,16.9,1.0,5.7,1.4,3.0,2.3
712,23.7,16.9,5.7,10.0,2.4,3.4,3.1
589,25.6,16.8,3.7,8.7,1.1,5.2,2.1
631,26.3,16.8,5.1,5.4,2.4,4.2,2.8
479,22.8,16.8,1.1,7.2,1.7,2.9,3.5
531,19.0,16.8,3.8,5.1,2.2,3.1,4.2
547,21.9,16.8,1.7,4.6,1.6,2.0,1.9
328,15.6,16.8,2.0,4.1,2.0,2.9,4.8
520,24.8,16.7,1.3,6.5,1.4,2.2,1.5
643,25.7,16.7,2.1,7.4,1.1,4.1,3.5
559,23.3,16.7,4.1,4.1,2.5,2.6,3.5
618,23.8,16.6,4.1,2.4,0.9,2.1,2.4
653,28.4,16.6,6.6,5.8,2.9,4.5,3.4
705,26.1,16.5,1.5,5.8,1.9,3.4,2.7
599,28.5,16.5,6.5,16.6,2.3,2.5,2.8
563,25.6,16.5,7.3,6.4,3.7,2.4,2.7
538,19.2,16.4,3.8,5.8,0.8,3.7,2.3
519,23.6,16.4,1.2,6.1,1.5,2.2,3.1
631,30.0,16.4,2.4,2.4,2.1,2.5,2.1
696,24.0,16.4,1.8,8.2,1.9,4.7,2.4
599,26.0,16.3,1.6,6.6,1.2,4.8,2.1
547,14.4,16.3,1.3,2.9,1.3,2.4,2.0
614,23.6,16.3,6.4,6.0,2.2,2.3,1.4
758,26.1,16.3,5.7,6.5,1.8,3.2,3.3
657,27.4,16.2,2.4,4.7,2.7,2.8,2.8
383,12.4,16.2,1.8,5.5,0.8,0.5,3.1
551,17.8,16.2,3.8,7.0,1.8,3.5,1.6
350,15.2,16.2,2.7,7.8,2.8,4.2,4.7
489,22.2,16.2,2.4,4.8,1.4,2.7,2.3
488,21.2,16.1,2.1,10.0,2.4,4.4,3.3
546,23.7,16.1,5.0,4.2,3.0,4.8,3.6
432,16.6,16.0,1.5,3.6,1.3,1.3,2.8
409,18.6,16.0,2.7,4.0,2.0,3.4,5.2
393,15.7,16.0,1.9,3.8,1.5,1.4,1.5
979,28.0,16.0,3.5,6.3,2.6,2.5,2.5
512,25.6,15.9,0.8,6.6,0.4,2.3,3.3
669,24.8,15.9,3.4,3.9,2.6,7.0,2.0
643,28.0,15.9,5.3,8.6,1.1,1.3,1.2
623,20.8,15.9,3.2,10.4,3.4,3.6,4.5
576,24.0,15.9,6.4,6.4,3.3,3.8,3.1
762,27.2,15.9,2.3,7.6,1.1,1.7,2.7
675,23.3,15.8,6.5,5.5,4.0,2.5,2.5
538,22.4,15.8,2.4,7.3,3.9,2.4,1.8
360,11.6,15.8,2.6,4.8,2.7,2.8,2.4
613,27.9,15.8,3.1,5.2,1.1,5.4,3.0
524,21.8,15.8,4.6,4.9,3.1,3.5,4.5
553,20.5,15.8,3.5,3.4,1.3,2.6,3.1
673,23.2,15.8,2.1,5.2,1.9,3.1,2.6
564,23.5,15.8,1.9,7.6,0.9,2.9,3.1
601,21.5,15.8,2.0,8.3,1.3,3.4,3.9
521,21.7,15.7,2.3,9.2,1.3,2.6,4.4
420,15.6,15.7,0.9,13.5,1.1,4.4,5.7
301,11.1,15.6,1.4,8.3,1.5,1.7,4.9
619,23.8,15.6,1.3,5.2,1.6,1.8,2.5
615,24.6,15.6,3.5,4.5,1.8,4.1,2.4
562,20.8,15.6,2.1,4.6,1.4,1.4,1.4
688,31.3,15.6,1.2,2.5,0.7,1.0,2.4
711,29.6,15.6,1.5,2.1,1.4,2.5,2.3
611,26.6,15.6,2.1,2.7,1.1,3.8,2.6
620,23.8,15.5,2.0,17.2,1.0,2.3,2.7
745,28.7,15.5,5.3,3.5,2.4,2.2,2.3
865,30.9,15.5,4.2,8.2,4.2,1.8,1.8
422,17.6,15.5,1.7,12.7,1.2,2.3,4.8
409,17.8,15.3,1.1,7.7,1.3,2.6,4.5
764,24.6,15.3,4.0,6.4,1.6,2.7,3.3
586,22.5,15.3,3.1,6.0,1.4,2.2,3.1
531,24.1,15.2,2.2,5.8,0.6,1.5,2.8
684,27.4,15.2,1.5,4.9,1.5,1.1,2.3
371,15.5,15.2,1.2,8.0,1.7,2.8,4.1
511,25.6,15.2,4.1,6.3,2.8,4.8,3.3
903,28.2,15.1,1.9,3.7,1.6,2.1,1.4
613,22.7,15.1,1.9,4.8,0.9,1.5,3.1
382,19.1,15.1,1.2,7.2,3.2,6.2,2.5
561,22.4,15.1,1.2,11.8,1.7,1.8,4.3
536,24.4,15.0,2.7,3.1,1.1,2.2,2.0
571,26.0,15.0,1.3,7.2,0.8,2.7,2.7
567,24.7,15.0,2.5,5.4,2.1,3.0,2.1
582,21.6,15.0,0.9,6.7,0.7,2.4,3.1
757,26.1,15.0,1.1,9.6,0.6,2.2,3.0
290,10.4,15.0,1.5,4.9,2.3,1.1,1.7
587,25.5,15.0,2.9,3.9,1.7,5.1,2.9
304,13.2,14.9,2.0,4.2,2.4,3.6,4.7
698,25.9,14.9,3.7,5.0,1.7,2.5,3.1
531,17.1,14.9,1.7,7.7,1.6,1.8,3.6
724,26.8,14.9,3.2,3.0,1.8,4.8,2.3
646,28.1,14.9,4.6,4.1,1.7,2.8,2.9
906,24.5,14.9,3.8,5.1,1.7,2.8,3.5
612,26.6,14.9,3.1,5.3,1.7,3.3,3.1
660,21.3,14.9,2.2,8.8,1.4,2.0,2.7
601,25.0,14.8,2.1,14.9,1.4,3.4,1.8
534,22.3,14.7,2.0,11.9,2.6,3.6,3.7
335,14.6,14.7,3.0,8.4,2.1,4.5,5.0
625,25.0,14.7,1.4,10.3,1.2,2.6,3.3
308,11.0,14.6,1.2,5.1,1.1,2.2,2.2
601,26.1,14.6,4.2,5.1,3.0,4.6,2.3
831,26.0,14.6,5.7,6.5,2.6,2.9,2.3
427,17.1,14.6,2.8,3.0,1.1,2.8,4.1
634,25.4,14.6,3.8,4.0,0.9,3.1,3.0
654,29.7,14.6,5.0,3.7,2.9,3.0,2.0
652,28.3,14.6,1.1,12.0,1.2,2.4,1.7
571,24.8,14.6,0.7,6.4,0.8,1.3,3.7
721,28.8,14.6,2.9,4.0,0.9,2.7,2.2
511,25.6,14.5,3.1,4.6,1.9,5.3,3.8
575,27.4,14.5,3.8,6.1,3.8,2.7,0.9
498,17.8,14.5,4.1,4.6,2.2,3.7,3.5
348,11.2,14.4,4.0,2.5,1.7,2.3,3.3
623,24.0,14.4,3.3,5.0,2.2,2.9,2.7
426,19.4,14.4,2.0,9.0,1.9,2.3,3.6
654,21.1,14.4,2.3,7.6,1.8,0.5,2.8
432,18.8,14.4,1.9,7.5,1.7,3.3,3.6
824,26.6,14.4,2.4,3.8,2.6,4.0,2.2
360,12.0,14.3,4.1,9.6,3.4,2.8,3.7
556,21.4,14.3,5.4,3.9,2.6,2.4,2.0
608,26.4,14.3,4.1,3.8,1.3,4.1,2.5
739,32.1,14.2,0.7,6.9,1.5,2.8,1.9
683,25.3,14.2,8.4,7.6,2.2,3.6,2.2
452,21.5,14.2,1.8,4.0,2.3,2.5,3.1
539,23.4,14.2,1.7,7.7,1.4,3.1,4.0
664,24.6,14.2,2.0,7.8,2.8,5.1,3.4
597,21.3,14.2,2.9,7.7,2.6,4.8,4.0
539,23.4,14.1,2.4,4.8,2.6,4.5,2.4
478,21.7,14.1,1.1,9.5,1.1,2.4,5.4
458,19.9,14.1,0.8,5.7,2.0,2.7,3.3
676,26.0,14.1,1.0,7.9,0.9,1.9,2.7
680,27.2,14.0,1.0,5.2,1.0,1.9,2.2
359,14.4,14.0,3.3,4.2,1.8,4.4,2.0
508,23.1,14.0,0.9,3.2,0.8,2.8,2.9
799,29.6,14.0,1.9,4.0,1.6,5.1,2.9
487,19.5,13.9,1.4,6.3,1.2,2.2,4.3
669,29.1,13.9,3.5,10.4,2.3,3.3,1.6
513,23.3,13.9,1.4,6.4,2.2,3.5,3.0
461,18.4,13.9,3.0,3.8,1.3,3.5,2.4
537,19.2,13.8,4.7,6.7,3.3,3.2,2.1
463,21.0,13.8,1.9,7.4,2.1,5.0,3.7
644,26.8,13.8,4.5,8.2,1.1,3.5,3.3
475,19.0,13.8,2.7,4.2,2.8,3.8,2.5
299,8.8,13.8,1.6,9.4,1.9,3.0,3.5
552,25.1,13.8,3.0,3.0,2.0,4.6,2.1
511,21.3,13.8,4.4,6.5,2.6,4.9,2.5
439,18.3,13.8,0.9,15.1,1.3,2.8,4.3
665,23.8,13.8,2.2,3.6,1.5,3.0,2.4
384,15.4,13.8,1.2,7.7,2.3,2.5,3.1
592,15.6,13.7,3.2,10.8,1.3,3.7,3.7
634,24.4,13.7,1.0,6.6,1.3,3.9,3.6
811,23.2,13.7,2.7,2.4,1.5,2.6,2.3
650,29.5,13.7,1.5,4.1,1.5,4.0,3.3
739,30.8,13.7,3.5,3.6,1.6,2.8,1.9
1023,42.6,13.7,1.4,2.3,1.2,1.5,1.3
508,24.2,13.7,1.6,4.3,1.5,3.1,2.0
842,30.1,13.6,6.7,3.5,4.1,2.2,3.1
652,25.1,13.6,2.0,13.2,1.6,2.3,3.1
891,26.2,13.6,3.4,3.6,1.3,1.9,2.7
466,21.2,13.6,3.0,6.1,1.3,3.9,2.5
510,25.5,13.6,3.5,6.2,2.9,3.8,2.6
548,23.8,13.5,3.4,8.1,1.9,2.1,3.0
463,19.3,13.5,1.5,5.3,0.6,1.1,2.7
715,24.7,13.5,0.6,5.9,1.1,2.2,4.0
625,24.0,13.5,1.1,6.0,0.5,2.6,2.2
530,23.0,13.5,2.5,4.2,1.3,1.6,3.7
454,18.2,13.5,3.4,7.4,3.2,3.0,3.5
614,22.7,13.4,1.3,13.4,1.3,2.7,2.9
508,20.3,13.4,2.0,2.8,2.5,2.8,3.7
501,21.8,13.4,5.9,4.9,2.0,2.9,3.0
388,18.5,36.8,3.6,4.5,4.5,7.2,3.3
423,19.2,35.2,3.2,7.0,5.0,5.1,3.0
419,24.6,34.5,3.0,16.0,2.4,2.3,3.1
359,17.1,32.7,7.9,12.1,6.6,3.2,3.7
636,28.9,32.4,3.4,10.3,2.0,2.6,1.8
747,28.7,31.5,2.8,11.6,3.0,2.1,1.8
469,23.5,29.5,4.7,10.8,2.9,3.5,3.3
642,30.6,28.7,2.6,9.8,2.9,6.5,3.3
349,16.6,28.6,2.6,13.1,4.4,5.4,4.9
790,23.9,28.0,1.8,14.2,1.3,1.8,3.4
422,17.6,27.8,3.9,17.3,2.6,4.2,6.1
650,19.1,26.7,4.8,7.4,5.3,4.4,2.2
548,21.9,26.6,3.3,10.5,2.1,2.9,2.9
438,25.8,26.2,2.5,6.1,3.8,4.4,3.3
473,22.5,26.0,1.0,3.9,1.6,3.0,2.0
697,30.3,25.6,2.6,6.0,3.1,2.5,2.7
518,28.8,25.3,6.3,15.6,2.1,2.0,1.4
732,26.1,25.3,1.6,3.4,2.6,2.8,2.7
852,31.6,25.2,2.5,4.3,2.7,3.1,1.5
600,27.3,25.2,2.7,6.3,2.9,3.1,2.9
784,26.1,25.1,4.6,15.5,2.3,2.6,3.0
637,25.5,24.6,4.3,4.8,3.0,3.7,2.5
549,25.0,24.5,0.8,14.6,2.2,2.2,3.6
1004,28.7,24.0,2.2,5.2,2.6,1.5,1.3
748,29.9,23.9,4.6,8.8,2.8,5.0,3.1
620,27.0,23.7,1.6,8.5,1.3,2.0,2.0
757,30.3,23.7,2.9,4.5,1.0,2.8,1.9
429,22.6,23.6,3.8,11.2,5.3,2.7,3.4
694,30.2,23.5,2.4,5.1,1.1,2.7,2.2
388,18.5,36.8,3.6,4.5,4.5,7.2,3.3
423,19.2,35.2,3.2,7.0,5.0,5.1,3.0
419,24.6,34.5,3.0,16.0,2.4,2.3,3.1
359,17.1,32.7,7.9,12.1,6.6,3.2,3.7
636,28.9,32.4,3.4,10.3,2.0,2.6,1.8
747,28.7,31.5,2.8,11.6,3.0,2.1,1.8
469,23.5,29.5,4.7,10.8,2.9,3.5,3.3
642,30.6,28.7,2.6,9.8,2.9,6.5,3.3
349,16.6,28.6,2.6,13.1,4.4,5.4,4.9
790,23.9,28.0,1.8,14.2,1.3,1.8,3.4
422,17.6,27.8,3.9,17.3,2.6,4.2,6.1
650,19.1,26.7,4.8,7.4,5.3,4.4,2.2
548,21.9,26.6,3.3,10.5,2.1,2.9,2.9
438,25.8,26.2,2.5,6.1,3.8,4.4,3.3
473,22.5,26.0,1.0,3.9,1.6,3.0,2.0
697,30.3,25.6,2.6,6.0,3.1,2.5,2.7
518,28.8,25.3,6.3,15.6,2.1,2.0,1.4
732,26.1,25.3,1.6,3.4,2.6,2.8,2.7
852,31.6,25.2,2.5,4.3,2.7,3.1,1.5
600,27.3,25.2,2.7,6.3,2.9,3.1,2.9
784,26.1,25.1,4.6,15.5,2.3,2.6,3.0
637,25.5,24.6,4.3,4.8,3.0,3.7,2.5
549,25.0,24.5,0.8,14.6,2.2,2.2,3.6
1004,28.7,24.0,2.2,5.2,2.6,1.5,1.3
748,29.9,23.9,4.6,8.8,2.8,5.0,3.1
620,27.0,23.7,1.6,8.5,1.3,2.0,2.0
757,30.3,23.7,2.9,4.5,1.0,2.8,1.9
429,22.6,23.6,3.8,11.2,5.3,2.7,3.4
694,30.2,23.5,2.4,5.1,1.1,2.7,2.2
775,24.2,23.4,2.9,2.8,2.8,4.0,2.1
676,25.0,23.3,3.6,6.8,4.4,4.5,4.1
425,17.0,23.3,3.5,13.6,3.3,4.6,3.2
761,30.4,23.2,5.8,7.4,2.0,1.1,3.1
274,13.0,23.1,5.0,6.1,3.2,6.0,2.5
595,25.9,22.9,3.1,8.6,1.7,5.5,3.2
721,30.0,22.7,3.4,7.8,0.9,1.9,1.7
439,22.0,22.6,4.4,6.4,2.1,2.6,1.7
668,31.8,22.5,1.6,14.2,1.7,2.0,2.7
729,26.0,22.4,5.3,6.3,2.7,3.5,2.8
483,28.4,22.3,3.7,4.7,2.5,3.7,2.8
677,24.2,22.0,5.8,10.1,4.2,2.9,4.0
584,24.3,22.0,6.2,8.1,3.9,6.0,2.7
726,27.9,22.0,3.7,6.7,2.4,2.2,1.9
820,26.5,21.9,1.5,3.9,1.8,1.7,1.6
496,29.2,21.8,7.0,6.5,2.8,3.9,3.6
729,28.0,21.5,1.6,13.0,1.3,3.7,2.5
658,28.6,21.5,4.0,8.4,3.2,3.8,2.9
648,24.9,21.5,2.7,6.1,2.8,4.0,2.7
840,31.1,21.4,2.2,3.9,2.3,4.2,2.2
486,24.3,21.1,4.5,11.4,3.4,5.9,2.9
564,28.2,21.1,3.4,5.8,2.2,4.0,2.9
616,26.8,21.0,2.1,7.0,3.0,3.8,3.4
596,22.1,21.0,2.6,14.3,1.1,3.7,3.8
622,25.9,20.9,5.1,7.1,2.8,4.8,3.6
405,23.8,20.9,2.2,2.9,2.7,3.6,1.8
670,29.1,20.7,3.1,3.5,2.3,2.9,3.0
662,26.5,20.6,0.7,13.8,1.3,2.6,2.1
659,26.4,20.3,4.5,3.6,2.6,3.0,2.0
560,21.5,20.3,3.1,10.0,3.6,1.5,2.4
529,20.3,20.3,1.1,11.7,1.0,2.2,3.6
646,25.8,20.3,4.0,11.3,2.9,2.8,2.5
828,25.9,20.2,2.1,5.4,1.5,3.4,3.2
845,25.6,20.2,3.3,13.0,1.7,3.5,3.4
639,22.8,20.1,1.5,7.2,1.2,2.3,2.7
694,22.4,20.1,1.8,14.7,3.3,2.3,1.5
689,21.5,20.0,2.3,10.8,1.0,4.4,3.7
500,25.0,20.0,1.3,6.1,2.0,3.5,2.9
417,18.1,20.0,2.5,12.7,3.5,3.0,5.0
548,24.9,19.9,1.1,4.1,1.1,1.9,1.6
638,30.4,19.9,2.1,6.8,2.8,3.9,3.0
693,30.1,19.9,4.1,5.2,1.6,3.0,2.5
669,29.1,19.8,3.6,6.5,1.7,3.2,2.4
689,23.0,19.6,3.3,3.4,1.9,2.1,2.9
574,26.1,19.4,4.9,3.7,1.7,5.5,3.4
610,23.5,19.4,4.1,3.1,0.9,3.8,1.3
513,23.3,19.3,1.4,3.4,1.5,2.0,3.3
671,24.0,19.3,1.2,8.8,2.4,3.8,4.3
716,28.6,19.2,1.9,6.6,4.0,4.3,2.4
481,24.1,19.1,1.5,14.6,1.6,3.4,4.5
559,21.5,19.1,1.4,4.0,1.1,2.3,2.6
494,27.4,19.0,2.3,13.9,3.0,3.0,2.1
725,26.9,18.9,2.7,5.7,2.7,2.8,1.9
523,24.9,18.9,4.7,3.6,2.5,3.7,3.3
496,26.1,18.9,1.2,8.1,1.7,1.9,3.3
661,27.5,18.8,3.0,3.4,3.5,3.5,2.4
524,23.8,18.8,5.4,4.3,2.2,3.7,2.1
679,27.2,18.8,3.6,6.5,1.3,1.9,2.5
315,15.8,18.8,1.5,9.9,2.4,4.2,4.4
568,23.7,18.8,1.6,9.4,1.4,1.5,3.5
669,22.3,18.6,2.9,14.4,2.3,1.2,4.4
737,27.3,18.6,1.2,10.9,0.7,2.2,2.9
669,26.8,18.6,4.6,4.7,3.2,3.6,2.4
474,20.6,18.5,2.4,7.0,2.7,3.8,2.6
607,28.9,18.5,5.5,4.3,1.6,3.0,2.5
703,28.1,18.4,2.0,8.0,2.4,2.9,2.0
503,27.9,18.4,6.6,9.9,2.9,2.7,2.0
599,27.2,18.2,1.7,3.2,2.8,1.2,2.1
646,28.1,18.1,4.4,4.7,1.9,3.9,1.8
456,25.3,18.0,3.3,11.4,2.2,1.3,3.1
577,28.9,18.0,1.2,4.4,1.5,2.7,2.1
409,22.7,18.0,2.6,7.5,1.4,6.4,2.5
678,28.3,18.0,1.6,6.6,1.3,2.4,2.0
613,25.5,18.0,1.0,6.3,0.9,2.9,2.6
698,27.9,17.9,2.4,6.9,1.7,3.4,2.2
445,18.5,17.9,7.0,11.4,2.8,6.7,3.9
615,25.6,17.9,1.9,10.4,0.7,2.9,2.8
481,22.9,17.9,3.9,4.4,2.3,4.0,4.0
689,25.5,17.9,1.3,4.4,1.1,1.9,3.1
783,31.3,17.7,4.4,6.5,4.0,2.7,1.6
608,27.6,17.7,3.2,6.3,2.2,2.8,2.2
607,25.3,17.7,2.5,9.8,1.6,1.2,3.1
605,26.3,17.7,1.9,8.5,1.0,3.2,2.1
649,25.0,17.7,5.5,7.9,1.7,1.6,3.4
571,24.8,17.6,1.2,5.3,0.6,3.3,1.5
675,27.0,17.6,1.8,7.8,1.7,2.6,3.6
514,23.4,17.5,3.3,3.7,3.2,2.5,2.8
900,28.1,17.5,1.6,9.1,0.9,4.4,2.0
538,22.4,17.4,2.1,10.5,0.8,2.8,2.7
444,17.8,17.4,2.4,7.4,4.3,3.5,4.1
647,25.9,17.4,4.6,3.9,2.6,4.0,2.1
576,24.0,17.3,4.1,3.9,2.7,3.1,2.3
473,21.5,17.3,1.4,5.2,2.0,2.4,2.1
687,29.9,17.3,3.3,7.6,2.6,4.6,2.9
675,25.0,17.3,3.0,5.0,3.2,4.4,3.0
603,24.1,17.2,1.9,11.6,0.9,2.1,2.9
630,27.4,17.2,1.1,8.6,0.4,3.2,2.5
435,25.6,17.1,4.8,7.0,4.0,3.7,2.9
516,23.5,17.1,2.7,2.8,1.9,2.8,3.5
562,17.6,17.0,1.8,11.9,1.7,3.0,3.4
626,22.4,17.0,1.0,10.8,1.0,3.4,3.9
555,19.8,17.0,1.3,8.6,2.1,2.0,2.8
460,20.0,16.8,2.6,15.2,1.7,3.3,2.2
384,22.6,16.8,3.9,11.1,3.0,3.8,3.6
660,26.4,16.8,3.2,4.8,2.2,1.9,2.9
589,23.6,16.8,3.3,4.8,1.9,3.0,3.3
661,28.7,16.8,2.8,11.1,1.7,3.5,2.9
618,29.4,16.7,3.1,4.2,1.7,4.1,2.8
343,13.7,16.7,1.7,10.6,2.1,3.3,4.0
688,26.5,16.7,1.6,10.1,2.7,2.5,2.9
706,25.2,16.6,1.7,10.8,1.8,2.0,2.0
650,25.0,16.6,1.6,7.8,2.9,3.8,2.0
595,29.8,16.6,2.0,7.2,1.8,3.0,2.6
599,26.0,16.6,2.3,3.4,2.1,4.0,1.9
778,27.8,16.5,5.2,8.6,2.2,1.9,2.5
786,27.1,16.5,4.4,5.7,1.8,2.8,2.5
596,25.9,16.4,3.9,8.0,1.8,3.0,2.7
610,26.5,16.4,1.1,9.8,1.8,1.4,3.1
581,22.3,16.4,1.9,7.4,0.8,2.7,2.4
544,22.7,16.3,2.9,4.5,1.9,3.3,4.4
813,29.0,16.3,3.1,3.3,1.5,3.4,2.3
578,19.9,16.2,2.0,6.3,1.7,2.5,2.6
297,12.4,16.2,2.6,8.2,2.9,4.4,4.4
418,18.2,16.2,1.5,3.4,1.7,2.4,1.9
359,21.1,16.1,2.9,8.4,2.9,2.9,3.3
482,21.9,16.1,1.6,4.3,2.0,1.2,2.2
669,23.9,16.1,3.1,10.9,1.1,3.4,4.1
552,21.2,16.1,2.8,11.2,1.4,1.8,3.5
656,31.2,16.0,1.7,3.1,1.8,2.2,2.7
580,25.2,16.0,3.0,11.4,2.8,2.5,3.0
352,16.0,16.0,2.0,5.8,1.1,5.2,5.5
684,27.4,16.0,3.4,6.5,3.5,1.9,2.4
327,11.7,16.0,0.9,7.7,2.7,2.0,7.0
736,32.0,15.9,3.5,3.1,2.0,2.7,0.9
736,28.3,15.9,2.1,3.1,1.8,1.9,1.4
656,26.2,15.9,1.6,4.0,1.1,1.6,1.7
414,20.7,15.8,2.2,3.4,1.9,0.9,2.2
696,29.0,15.8,2.4,9.1,1.6,4.6,2.7
767,25.6,15.8,3.8,11.4,3.4,5.3,3.6
830,17.7,15.8,1.0,20.5,1.9,2.1,4.3
654,23.4,15.8,1.6,9.1,1.2,1.2,1.5
432,18.8,15.8,0.9,13.5,0.6,2.4,3.4
420,19.1,15.8,1.8,2.6,1.5,3.4,4.4
686,25.4,15.8,2.0,4.2,2.6,2.6,2.9
773,29.7,15.7,6.5,3.0,1.5,2.1,0.7
669,29.1,15.7,3.3,7.0,2.0,2.2,2.9
443,21.1,15.7,5.5,6.1,3.2,3.0,3.4
805,29.8,15.7,5.6,5.0,2.2,2.8,1.9
530,11.8,15.5,5.2,6.5,4.5,4.4,2.8
687,24.5,15.5,2.7,8.9,1.4,3.1,2.0
491,27.3,15.5,2.5,7.8,1.1,1.8,1.8
390,16.3,15.5,2.3,8.1,1.1,2.6,4.9
752,23.5,15.5,1.2,13.1,0.9,3.9,3.2
722,28.9,15.5,3.5,3.5,1.5,2.8,1.9
622,24.9,15.4,1.5,7.0,2.7,1.5,3.4
566,23.6,15.4,4.0,3.4,2.1,2.1,3.2
614,24.6,15.4,1.8,8.5,1.2,2.5,3.8
673,29.3,15.3,2.1,9.8,1.9,2.4,2.3
745,25.7,15.3,3.6,8.4,1.2,4.4,3.2
537,22.4,15.3,0.5,11.9,1.6,2.9,3.4
301,16.7,15.2,4.1,3.8,0.9,5.3,3.0
506,24.1,15.2,1.8,5.1,1.4,3.9,3.1
515,22.4,15.2,0.4,6.2,0.8,2.5,2.6
741,26.5,15.1,3.4,7.0,1.2,3.1,3.3
414,19.7,15.1,1.3,10.3,0.6,4.3,4.2
448,22.4,15.1,6.0,5.4,2.4,4.6,4.1
514,16.1,15.1,1.7,11.0,1.6,4.2,3.9
564,28.2,15.0,2.4,6.6,3.8,2.1,2.3
548,21.9,14.9,9.0,6.2,3.4,7.1,4.1
651,16.7,14.9,2.4,2.5,3.1,1.7,1.8
534,24.3,14.9,2.5,7.3,0.9,1.6,4.4
405,18.4,14.9,2.0,9.9,1.1,5.1,3.2
530,26.5,14.9,2.4,9.4,2.2,3.2,3.4
535,25.5,14.8,1.7,8.7,0.8,3.0,3.7
571,24.8,14.8,1.7,4.8,0.5,1.4,1.7
617,28.0,14.8,2.3,9.9,2.0,4.6,2.7
358,16.3,14.7,1.3,7.5,1.4,2.1,4.2
442,20.1,14.7,1.9,4.9,2.2,5.8,3.3
649,24.0,14.7,1.2,4.3,1.7,2.3,0.9
652,25.1,14.7,2.8,3.4,1.8,2.8,2.0
769,27.5,14.6,1.8,4.5,1.8,1.8,2.2
473,21.5,14.6,2.4,6.3,2.4,4.9,4.7
622,27.0,14.6,5.1,4.7,1.3,3.5,3.0
424,16.3,14.6,1.4,7.5,1.7,1.7,2.5
608,30.4,14.5,3.4,3.9,3.4,4.2,2.4
520,24.8,14.5,1.3,7.9,1.2,2.1,2.8
528,23.0,14.5,2.8,5.4,2.0,4.4,3.6
520,16.3,14.5,1.2,6.2,0.7,2.0,2.6
529,23.0,14.5,3.1,6.1,1.6,3.5,3.9
693,28.9,14.5,3.9,6.9,2.8,3.9,2.4
772,24.1,14.4,2.2,2.9,0.7,3.6,1.5
492,24.6,14.4,3.6,5.1,1.7,5.1,3.7
757,24.4,14.4,2.0,5.9,3.3,4.2,4.1
628,22.4,14.4,1.2,8.1,1.4,2.1,3.6
875,25.7,14.3,4.2,4.3,2.1,3.1,1.9
661,28.7,14.3,1.7,3.6,1.0,2.3,2.4
767,23.2,14.3,2.0,9.8,2.0,1.7,2.4
423,18.4,14.3,0.5,8.2,1.3,3.0,4.2
709,22.9,14.2,2.0,3.9,2.8,2.6,2.4
476,21.6,14.2,2.0,4.9,1.6,2.4,1.7
538,19.9,14.2,2.3,10.8,1.8,2.7,3.4
574,23.0,14.1,0.6,9.8,1.8,2.1,2.6
370,14.8,14.1,1.8,5.2,1.0,2.2,3.2
587,25.5,14.0,1.1,2.7,1.0,0.7,1.9
529,23.0,14.0,1.3,7.7,0.4,2.4,2.8
905,26.6,14.0,3.0,10.1,3.4,2.7,3.1
496,24.8,13.9,1.6,5.8,1.4,1.5,2.7
490,22.3,13.9,2.9,2.9,1.2,3.1,2.1
642,30.6,13.9,3.8,2.0,1.6,2.8,2.8
458,17.0,13.9,1.3,12.2,1.7,2.2,5.1
519,22.6,13.9,1.5,8.0,1.6,2.0,5.0
661,27.5,13.8,1.9,6.9,2.4,2.4,1.3
426,23.7,13.8,6.1,3.8,3.2,3.3,2.6
482,19.3,13.8,1.3,7.1,0.8,2.3,3.3
372,17.7,13.8,1.6,4.3,1.4,0.5,2.8
798,27.5,13.8,2.4,2.2,0.8,2.4,3.0
498,22.6,13.8,0.9,6.4,1.4,1.5,2.8
457,20.8,13.7,1.1,5.6,0.8,1.6,2.0
576,24.0,13.7,4.2,2.4,2.6,3.3,2.3
500,23.8,13.7,0.6,7.7,0.8,2.3,4.2
832,25.2,13.7,5.2,4.4,3.0,3.7,3.0
469,22.3,13.6,1.6,5.1,1.0,2.2,2.0
523,20.9,13.6,1.8,10.5,2.6,2.5,2.6
736,32.0,13.6,3.8,6.1,2.0,3.7,1.7
829,28.6,13.6,2.8,5.1,1.0,2.8,2.8
523,22.7,13.6,2.5,7.2,1.3,1.1,2.3
411,20.6,13.5,4.0,4.3,2.3,2.9,3.7
598,26.0,13.5,0.6,12.3,0.7,1.8,3.4
298,11.9,13.5,0.5,5.7,1.2,2.4,1.8
573,23.9,13.5,0.8,7.2,1.2,2.3,4.0
652,28.3,13.5,3.7,3.4,1.4,1.8,2.6
671,24.0,13.5,3.0,7.1,0.9,2.3,2.5
619,25.8,13.5,2.6,4.7,0.6,2.3,2.9
548,26.1,13.5,3.4,12.3,2.8,2.6,3.9
502,20.1,13.5,1.7,6.8,1.2,2.6,2.5
574,28.7,13.4,3.8,4.2,2.9,2.2,3.3
448,23.6,13.4,1.0,9.7,2.1,2.5,3.4
603,25.1,13.4,1.5,2.9,0.8,3.3,3.7
602,27.4,13.4,2.2,3.0,1.3,3.1,1.9
478,20.8,13.4,1.8,11.8,2.1,3.1,4.8
574,21.3,13.4,2.4,3.8,2.0,3.3,2.6
677,29.4,13.4,3.2,3.2,2.0,2.8,2.3
725,27.9,13.4,3.2,5.1,1.9,4.6,1.7
699,29.1,13.4,3.7,2.0,1.0,2.0,1.0
463,21.0,13.3,2.6,11.9,2.5,3.0,4.6
571,27.2,13.3,2.2,3.3,2.1,4.4,3.0
532,23.1,13.3,2.0,3.4,1.3,4.4,4.2
388,18.5,13.3,2.5,8.2,4.2,3.5,3.9
470,18.8,13.3,2.5,9.9,0.6,2.7,4.2
646,21.5,13.3,3.9,8.7,4.4,4.5,2.6
440,21.0,13.2,2.1,4.7,0.8,1.9,2.5
329,15.0,13.1,2.6,4.8,1.0,2.0,1.9
641,23.7,13.1,4.5,4.1,2.0,4.8,1.7
403,19.2,13.1,1.7,12.3,1.7,2.7,4.6
503,21.0,13.0,1.1,2.0,2.1,2.6,2.4
589,17.3,13.0,2.3,2.0,0.8,1.8,2.4
675,23.3,13.0,3.0,3.9,1.3,3.4,2.4
545,19.5,13.0,2.8,2.8,2.6,3.5,2.5
312,16.4,13.0,5.8,5.2,5.8,4.0,3.0
580,22.3,13.0,3.0,5.0,4.1,4.4,1.3
722,21.9,13.0,2.5,4.0,5.5,3.3,3.5
636,25.4,13.0,5.1,3.8,1.9,4.7,3.1
565,23.5,13.0,2.9,5.7,1.0,2.7,3.1
428,17.1,12.9,2.7,7.3,2.4,3.6,4.7
595,24.8,12.9,1.0,2.4,3.1,3.5,1.6
626,24.1,12.9,4.1,6.4,1.2,2.6,2.9
562,22.5,12.9,1.3,4.8,1.0,2.7,2.6
296,11.4,12.9,1.8,7.8,1.9,3.8,4.0
463,21.0,12.9,5.0,5.3,2.9,2.5,3.7
559,20.0,12.8,2.1,6.3,1.0,3.7,3.3
271,15.9,12.8,0.9,12.4,1.1,3.1,4.8
608,25.3,12.7,1.4,3.6,1.9,4.0,1.9
641,26.7,12.7,2.0,4.8,1.5,2.1,2.4
327,14.2,12.7,3.6,4.4,2.6,3.2,2.8
682,25.3,12.7,1.4,5.4,1.6,2.5,3.1
589,25.6,12.7,3.0,2.8,1.8,2.7,3.9
320,16.0,12.7,2.9,4.4,2.6,3.3,3.6
290,10.7,12.7,1.3,8.9,0.8,1.8,4.4
626,22.4,12.7,0.8,7.3,0.9,2.0,3.6
538,24.5,12.7,3.0,5.5,1.7,3.2,3.6
412,12.9,12.7,1.9,8.6,1.2,3.3,1.9
813,25.4,12.6,3.8,2.8,1.5,4.7,3.4
261,10.0,12.6,2.5,7.5,0.6,1.2,2.6
315,15.8,12.6,2.1,3.6,3.7,3.0,3.0
278,10.7,12.5,5.8,8.1,5.9,3.5,4.6
409,13.2,12.5,1.7,4.2,1.4,1.8,2.0
305,14.5,12.5,1.2,8.1,0.6,2.5,3.7
459,24.2,12.5,1.3,8.6,1.5,2.4,4.3
454,19.7,12.5,4.2,5.1,1.4,2.3,2.5
570,23.8,12.5,0.8,6.0,1.1,3.0,3.1
638,17.2,12.4,1.5,3.8,4.4,3.8,4.2
496,17.1,12.4,3.1,5.5,1.7,4.9,1.9
434,21.7,12.4,2.1,13.6,1.8,2.6,2.4
624,23.1,12.4,0.3,15.4,1.7,1.8,2.1
508,21.2,12.3,0.8,4.7,0.9,2.0,1.8
433,21.7,12.3,2.9,5.0,0.8,3.8,4.1
571,27.2,12.3,0.8,9.8,1.8,2.7,3.5
457,16.9,12.3,2.3,8.9,2.3,4.4,3.7
900,28.1,12.3,0.5,10.0,1.2,1.4,3.2
510,19.6,12.3,2.8,4.2,1.3,2.4,2.0
607,24.3,12.3,3.1,3.3,1.7,3.2,2.5
705,23.5,12.3,2.4,7.9,2.0,2.8,2.5
387,15.5,12.2,2.0,4.6,0.2,4.6,2.8
662,23.6,12.2,1.7,5.4,1.1,2.5,2.6
691,20.9,12.2,3.0,3.4,1.2,2.2,3.1
723,24.9,12.2,2.3,8.4,1.2,2.3,2.8
472,26.2,12.1,3.3,7.8,2.9,2.5,2.4
552,22.1,12.1,1.0,6.4,1.3,2.8,3.5
294,16.3,12.1,2.0,7.5,1.9,4.0,4.4
675,24.1,12.0,2.2,4.6,1.5,2.1,2.6
381,17.3,12.0,0.8,5.5,0.8,1.7,2.9
507,19.5,12.0,4.0,6.2,1.8,3.7,4.0
414,18.0,12.0,1.1,2.6,1.4,1.1,3.2
698,25.9,12.0,3.2,1.7,2.2,0.6,1.7
583,25.3,12.0,1.4,2.4,0.9,1.4,1.4
496,22.5,11.9,2.6,4.6,1.8,3.5,3.3
658,27.4,11.9,1.0,7.5,2.2,3.0,1.5
429,20.4,11.9,1.1,7.4,0.6,2.8,2.9
555,30.8,11.8,1.9,5.2,1.7,3.4,2.7
904,30.1,37.3,2.7,8.5,3.7,4.1,3.3
540,25.7,30.3,2.1,6.1,3.8,3.5,3.2
783,28.0,29.0,3.7,2.8,3.7,2.7,2.3
920,27.1,28.6,2.0,17.2,0.7,3.8,2.6
550,27.5,28.3,3.3,10.9,3.8,2.3,1.9
738,28.4,28.1,9.7,9.1,4.5,1.9,2.9
497,24.9,27.9,3.4,5.7,4.1,2.9,3.3
704,23.5,27.7,4.9,13.1,2.8,1.7,2.7
821,29.3,27.7,4.6,6.7,2.0,3.5,2.6
452,19.7,27.3,3.3,8.7,2.4,3.0,2.9
506,14.5,24.5,1.7,6.7,3.6,5.2,5.6
617,29.4,24.4,3.2,4.5,3.7,4.4,2.7
683,27.3,24.0,1.3,10.0,1.2,2.9,2.5
673,26.9,23.9,5.2,3.8,4.8,3.9,2.8
652,21.7,23.8,1.8,17.3,2.1,3.1,2.4
570,25.9,23.5,1.6,12.7,0.8,2.5,4.5
850,27.4,23.3,1.9,7.6,2.9,2.5,3.0
650,29.5,23.2,5.7,5.4,2.0,2.9,1.8
519,19.2,22.8,0.9,11.7,0.4,1.9,3.3
790,25.5,22.6,1.3,13.7,0.7,2.1,4.0
554,23.1,22.4,1.0,12.2,1.0,2.0,2.9
681,23.5,22.4,2.1,2.8,3.9,2.2,2.3
702,26.0,22.1,1.5,8.1,1.0,2.5,3.3
565,19.5,22.0,1.2,10.4,1.2,1.6,3.5
618,28.1,21.9,4.0,5.6,4.0,2.3,3.4
695,29.0,21.6,0.5,6.4,0.8,1.5,1.9
658,22.7,21.6,6.9,5.4,4.9,3.2,3.6
904,30.1,37.3,2.7,8.5,3.7,4.1,3.3
540,25.7,30.3,2.1,6.1,3.8,3.5,3.2
783,28.0,29.0,3.7,2.8,3.7,2.7,2.3
920,27.1,28.6,2.0,17.2,0.7,3.8,2.6
550,27.5,28.3,3.3,10.9,3.8,2.3,1.9
738,28.4,28.1,9.7,9.1,4.5,1.9,2.9
497,24.9,27.9,3.4,5.7,4.1,2.9,3.3
704,23.5,27.7,4.9,13.1,2.8,1.7,2.7
821,29.3,27.7,4.6,6.7,2.0,3.5,2.6
452,19.7,27.3,3.3,8.7,2.4,3.0,2.9
506,14.5,24.5,1.7,6.7,3.6,5.2,5.6
617,29.4,24.4,3.2,4.5,3.7,4.4,2.7
683,27.3,24.0,1.3,10.0,1.2,2.9,2.5
673,26.9,23.9,5.2,3.8,4.8,3.9,2.8
652,21.7,23.8,1.8,17.3,2.1,3.1,2.4
570,25.9,23.5,1.6,12.7,0.8,2.5,4.5
850,27.4,23.3,1.9,7.6,2.9,2.5,3.0
650,29.5,23.2,5.7,5.4,2.0,2.9,1.8
519,19.2,22.8,0.9,11.7,0.4,1.9,3.3
790,25.5,22.6,1.3,13.7,0.7,2.1,4.0
554,23.1,22.4,1.0,12.2,1.0,2.0,2.9
681,23.5,22.4,2.1,2.8,3.9,2.2,2.3
702,26.0,22.1,1.5,8.1,1.0,2.5,3.3
565,19.5,22.0,1.2,10.4,1.2,1.6,3.5
618,28.1,21.9,4.0,5.6,4.0,2.3,3.4
695,29.0,21.6,0.5,6.4,0.8,1.5,1.9
658,22.7,21.6,6.9,5.4,4.9,3.2,3.6
612,26.6,21.5,1.9,12.3,2.1,3.2,3.7
571,26.0,21.4,4.4,6.2,2.7,3.9,3.0
632,28.7,21.2,0.9,15.0,0.9,2.0,1.7
798,24.2,21.1,4.0,5.7,4.7,2.8,3.4
305,16.1,21.1,2.3,17.4,1.8,3.7,3.8
767,26.4,21.1,7.1,5.8,2.2,4.1,2.4
835,26.9,21.0,3.1,7.2,1.8,3.3,1.9
570,24.8,21.0,1.6,9.2,1.4,1.9,3.9
459,24.2,21.0,5.3,10.9,3.5,3.6,3.6
571,24.8,21.0,2.6,7.7,1.5,3.1,4.0
574,23.9,20.9,2.6,4.2,2.0,2.8,2.9
660,26.4,20.8,2.3,7.6,1.2,1.5,2.1
711,24.5,20.7,1.4,8.6,3.0,2.7,3.1
665,30.2,20.7,4.2,6.2,1.3,3.1,2.3
544,22.7,20.6,0.9,13.9,1.8,1.7,4.2
561,23.4,20.5,3.0,5.7,1.7,2.2,4.3
463,17.1,20.5,1.0,5.3,0.8,2.4,2.6
697,24.9,20.5,5.1,10.3,2.7,4.8,4.1
838,28.9,20.5,2.0,6.8,2.3,3.4,2.4
584,23.4,20.4,3.4,5.8,3.2,3.1,3.1
404,17.6,20.4,2.1,7.3,1.7,1.7,2.0
545,15.6,20.4,0.9,6.9,0.6,2.1,5.5
950,27.9,20.3,2.9,2.4,1.5,1.7,2.4
678,21.2,20.3,5.2,7.8,2.6,3.6,1.7
461,14.9,20.3,0.4,12.2,1.6,3.3,4.0
972,28.6,20.1,4.5,5.8,1.9,2.3,1.8
736,30.7,20.1,2.3,7.1,0.5,2.0,2.4
670,23.1,20.1,1.5,12.6,1.2,4.1,3.6
723,24.9,20.0,2.2,5.2,2.2,4.0,2.9
429,19.5,20.0,0.8,14.8,1.2,4.0,2.4
880,31.4,19.9,2.6,15.1,2.4,3.3,2.5
653,28.4,19.7,2.2,2.6,0.4,2.7,1.8
841,27.1,19.6,2.7,4.9,2.0,2.1,1.8
598,21.4,19.1,1.8,4.2,1.1,2.7,2.5
526,20.2,19.1,2.0,6.8,1.9,4.7,4.1
757,27.0,19.1,2.5,9.6,1.7,2.4,3.7
424,18.4,18.9,2.3,9.8,2.3,4.7,3.4
566,27.0,18.9,1.8,2.7,2.8,2.2,2.5
686,26.4,18.9,3.4,4.7,2.4,2.4,1.3
557,22.3,18.9,2.0,4.7,1.6,3.0,3.4
595,24.8,18.8,1.7,4.8,0.9,2.4,2.3
466,22.2,18.8,0.9,9.8,1.4,2.7,5.2
632,26.3,18.8,3.3,9.3,1.9,3.8,4.1
632,24.3,18.7,2.1,13.1,1.2,3.5,2.3
624,17.8,18.7,1.6,11.9,1.3,2.8,3.9
508,24.2,18.7,2.3,5.0,1.4,4.0,3.9
603,24.1,18.7,3.8,7.5,1.7,1.9,2.7
690,28.8,18.6,2.9,6.5,1.6,3.3,3.4
696,19.9,18.6,2.7,11.7,1.8,4.2,2.6
673,25.9,18.5,8.1,4.8,7.0,2.5,2.9
739,27.4,18.3,2.8,5.1,1.6,2.6,2.9
730,29.2,18.2,1.9,4.3,1.5,2.3,2.4
580,27.6,18.2,3.1,4.7,2.3,3.2,3.3
539,21.6,18.1,2.4,3.8,2.0,2.6,3.0
777,24.3,18.1,3.8,5.1,3.4,2.3,2.6
629,23.3,18.0,3.6,6.2,2.6,3.0,2.7
343,14.9,17.7,4.2,8.2,3.5,2.4,3.2
733,26.2,17.7,3.3,6.2,3.6,2.9,3.5
529,25.2,17.7,1.8,3.4,2.4,4.1,3.0
635,24.4,17.6,3.4,3.7,1.9,3.3,2.0
724,27.8,17.5,8.0,5.0,3.3,4.5,4.0
569,29.9,17.4,3.0,6.7,2.5,5.8,1.3
880,31.4,17.3,3.3,7.1,2.3,2.8,1.7
502,21.8,17.3,3.4,5.1,2.2,5.7,3.8
357,18.8,17.3,1.3,14.4,1.3,2.6,4.6
661,25.4,17.3,2.0,5.9,1.2,1.7,2.4
739,26.4,17.3,1.3,9.9,1.0,1.7,3.2
554,21.3,17.2,3.3,3.2,1.7,3.4,2.8
411,16.4,17.1,1.8,2.4,0.9,2.3,3.3
712,28.5,17.1,2.5,4.8,2.3,2.1,2.7
601,26.1,17.1,2.6,3.4,0.5,2.4,2.4
545,21.8,17.1,1.2,14.9,2.8,1.7,3.2
549,25.0,17.1,5.2,3.0,2.2,3.8,2.6
712,25.4,17.0,1.8,3.3,2.1,1.2,2.6
555,21.3,17.0,3.3,6.7,3.2,2.1,1.8
700,25.9,16.9,2.1,12.1,1.9,2.4,4.3
632,21.8,16.9,1.8,6.9,1.1,3.4,3.2
599,25.0,16.9,1.4,4.2,1.5,2.8,3.5
638,23.6,16.8,3.7,3.7,2.7,1.7,2.9
389,16.9,16.8,1.8,7.1,2.0,3.5,3.8
789,24.7,16.8,5.7,6.2,4.9,3.8,2.8
498,21.7,16.6,1.7,10.8,1.3,5.3,3.8
486,18.7,16.6,3.1,1.7,1.3,1.8,1.8
438,18.3,16.4,1.1,15.6,3.1,1.8,4.5
597,23.0,16.4,0.8,6.5,1.4,1.3,3.1
535,21.4,16.4,1.6,3.9,1.7,2.8,2.6
557,26.5,16.3,2.1,3.6,0.6,2.1,2.2
634,21.9,16.3,1.8,8.2,0.9,3.3,3.5
572,27.2,16.2,2.1,6.6,0.6,3.7,3.0
588,29.4,16.2,2.8,3.3,2.7,5.9,2.8
478,21.7,16.1,2.1,9.2,2.9,3.7,2.3
600,30.0,16.1,2.6,3.0,1.2,1.2,2.0
424,18.4,16.1,5.2,5.7,2.9,3.1,3.8
454,19.7,16.1,4.6,8.2,3.2,1.6,2.3
484,21.0,16.1,1.7,4.2,1.0,2.5,4.3
526,19.5,16.1,2.1,5.2,1.8,2.4,3.1
555,27.8,16.0,7.4,8.8,2.9,3.2,2.5
377,16.4,16.0,1.1,5.0,2.4,2.1,4.0
474,21.5,15.9,1.3,14.8,1.4,2.8,4.6
756,29.1,15.8,3.6,4.9,2.3,3.5,2.0
362,13.9,15.8,1.0,9.9,0.6,1.3,5.5
407,20.4,15.8,1.1,3.0,1.4,1.4,2.3
567,27.0,15.8,2.9,9.1,1.0,3.3,3.5
681,29.6,15.8,2.9,4.2,4.6,4.7,2.5
645,26.9,15.7,5.9,3.2,1.9,3.5,3.3
762,25.4,15.7,1.2,7.3,2.3,3.1,2.4
601,25.0,15.7,1.0,10.3,0.9,3.5,4.6
538,26.9,15.6,5.0,4.7,2.5,5.1,3.3
656,28.5,15.6,7.0,3.4,5.0,3.5,1.3
724,30.2,15.6,0.9,9.0,0.7,1.5,2.3
534,21.4,15.6,1.8,2.6,2.2,2.5,2.5
626,24.1,15.5,3.9,3.2,2.9,2.7,1.9
731,27.1,15.5,4.2,4.0,2.1,3.3,2.2
553,24.0,15.5,2.1,4.1,1.7,3.6,2.8
535,20.6,15.4,0.9,10.0,1.5,0.9,4.0
537,23.3,15.4,2.6,8.7,1.5,2.0,2.2
737,27.3,15.3,4.3,3.1,3.4,2.5,2.8
274,9.8,15.3,2.0,2.2,1.5,3.2,1.3
611,19.7,15.3,1.6,4.2,1.9,1.9,3.6
277,13.2,15.2,1.3,5.5,2.4,4.4,4.0
487,21.2,15.2,2.0,7.0,2.8,2.6,2.4
532,24.2,15.2,2.1,3.5,2.0,2.3,3.2
405,16.9,15.2,1.3,8.8,2.2,2.4,2.6
644,26.8,15.1,5.1,4.5,2.1,3.6,2.3
410,17.8,15.1,1.2,8.9,1.2,2.4,4.6
537,25.6,15.0,2.0,5.0,1.4,1.8,1.5
726,25.9,15.0,3.9,4.2,3.0,1.7,1.6
697,27.9,15.0,5.9,5.4,3.8,2.9,2.7
690,24.6,14.9,2.7,4.3,1.4,2.6,2.6
894,27.1,14.9,2.1,3.1,1.6,2.6,1.7
684,21.4,14.8,2.4,10.9,2.6,2.2,3.2
402,16.8,14.8,2.7,4.1,2.6,5.5,5.1
284,13.5,14.8,1.0,4.6,1.0,3.3,3.6
640,26.7,14.8,1.4,3.7,1.4,1.3,2.7
537,23.3,14.7,1.5,14.6,1.5,1.7,3.3
439,20.0,14.7,3.7,4.2,2.5,3.8,2.0
678,23.4,14.6,3.7,7.2,2.4,4.3,3.0
505,17.4,14.6,1.3,9.7,3.6,1.8,3.2
556,22.2,14.6,1.2,5.9,0.8,2.3,3.7
449,21.4,14.5,2.4,2.1,2.5,2.2,2.7
509,23.1,14.5,2.5,13.5,2.3,4.7,1.7
583,25.3,14.4,0.4,9.5,0.8,2.5,4.3
592,22.8,14.4,1.7,10.1,2.9,2.9,5.4
494,19.8,14.3,1.7,9.3,1.0,3.2,4.2
712,29.7,14.3,3.5,3.2,1.2,2.6,1.9
609,23.4,14.2,3.0,4.8,1.7,4.3,2.6
749,22.7,14.2,2.1,9.4,0.5,2.4,2.9
407,17.0,14.2,1.7,4.6,1.9,1.8,2.7
586,26.6,14.1,1.4,12.9,0.9,2.2,2.9
632,18.1,14.1,2.9,6.9,2.3,2.2,2.4
648,21.6,14.1,2.6,5.1,3.2,1.7,3.0
306,16.1,14.1,3.0,11.8,0.9,2.5,5.6
665,27.7,14.1,2.3,6.4,1.7,2.5,1.8
576,27.4,14.1,4.0,11.6,5.3,2.8,3.7
551,22.0,14.1,5.8,6.2,1.7,3.0,2.5
611,24.4,14.0,1.4,4.8,1.3,3.2,3.7
488,18.1,14.0,2.4,3.7,1.4,2.1,2.3
664,31.6,14.0,3.1,7.2,1.2,3.1,2.1
313,14.9,14.0,1.3,4.5,2.0,3.0,3.9
494,21.5,14.0,2.5,7.1,2.6,3.2,5.2
417,19.9,14.0,2.8,9.8,1.3,1.3,4.5
601,30.1,14.0,2.7,5.9,2.5,2.0,3.2
365,15.2,13.9,1.0,6.6,1.8,1.8,2.6
503,18.6,13.9,1.1,7.0,2.2,2.3,2.4
678,26.1,13.9,2.2,6.5,1.1,3.7,2.6
623,22.3,13.9,1.4,7.3,1.6,2.8,2.4
584,22.5,13.9,1.5,8.2,2.5,2.9,4.3
404,17.6,13.9,1.6,5.2,2.4,3.0,3.4
476,19.8,13.8,2.1,8.5,1.7,2.8,4.2
791,29.3,13.7,5.0,5.7,3.4,2.2,2.4
336,16.8,13.7,3.7,4.1,2.7,3.7,3.9
495,14.6,13.7,0.5,8.7,0.8,2.3,4.3
430,14.8,13.7,2.1,3.7,1.2,2.8,3.7
795,26.5,13.7,2.6,2.7,3.0,4.0,2.1
594,21.2,13.7,2.0,10.0,1.3,1.3,3.2
728,30.3,13.7,4.9,2.8,1.5,1.9,1.5
541,22.5,13.6,1.7,10.9,2.7,3.1,4.7
510,18.9,13.5,0.9,10.7,1.6,2.7,3.3
685,26.3,13.5,4.8,3.2,2.6,1.5,1.6
509,25.5,13.5,5.7,4.6,1.5,5.5,4.1
421,19.1,13.5,3.7,6.2,5.5,3.3,3.7
600,20.0,13.4,4.4,4.8,2.8,3.7,4.5
565,23.5,13.4,2.6,2.4,0.3,2.7,2.0
601,22.3,13.4,1.7,8.6,1.3,1.2,3.7
563,28.2,13.4,2.4,8.1,1.3,4.0,2.0
548,16.1,13.3,3.4,3.3,1.2,6.1,2.2
505,23.0,13.3,2.1,4.2,1.7,3.2,1.7
448,23.6,13.3,4.0,3.2,1.5,4.7,2.4
587,24.5,13.2,3.0,3.2,2.2,2.1,3.2
650,18.6,13.2,1.1,3.6,2.6,1.8,3.8
567,24.7,13.2,5.8,5.8,2.9,5.1,2.8
366,14.6,13.2,1.2,10.2,1.1,3.6,4.2
587,21.0,13.1,0.7,10.6,0.6,2.8,4.6
580,27.6,13.1,1.0,8.1,1.8,1.9,3.8
733,28.2,13.1,1.9,5.5,1.7,2.5,1.1
683,27.3,13.0,3.0,6.8,2.5,2.6,4.0
492,14.5,13.0,1.6,5.3,1.8,2.9,4.6
547,15.6,12.9,2.9,3.2,2.5,4.1,1.9
599,24.0,12.9,1.7,5.1,1.9,2.0,3.7
598,28.5,12.9,1.6,4.0,1.2,2.2,3.0
555,27.8,12.9,1.6,11.2,1.4,1.6,3.3
650,23.2,12.8,2.3,10.2,1.6,2.3,2.7
735,24.5,12.8,0.6,10.1,1.2,2.2,3.4
407,17.7,12.8,2.4,7.1,1.2,4.4,2.8
450,20.5,12.8,1.1,4.6,1.5,1.7,2.6
681,23.5,12.8,2.9,4.6,1.8,2.6,2.8
296,15.6,12.8,0.8,8.9,1.6,3.8,5.3
570,20.4,12.7,2.1,8.3,1.6,2.9,4.3
344,13.8,12.7,1.6,8.3,1.2,1.9,3.1
611,26.6,12.7,1.7,7.1,1.5,1.6,2.9
549,25.0,12.6,4.3,4.7,3.0,4.1,3.3
631,21.8,12.6,2.2,9.6,1.8,2.4,3.4
288,13.7,12.6,2.3,4.3,2.7,2.8,2.6
408,17.0,12.5,3.0,4.7,1.6,4.5,3.8
584,25.4,12.5,3.3,3.9,1.8,4.0,3.3
501,22.8,12.5,1.4,7.7,2.4,3.1,2.4
461,20.0,12.4,4.8,4.2,2.8,2.7,3.5
451,21.5,12.4,4.2,3.3,3.1,3.8,2.8
509,24.2,12.4,0.8,8.5,0.3,1.3,3.3
739,30.8,12.4,3.4,3.0,2.7,3.0,1.7
491,22.3,12.4,0.7,9.5,1.6,2.3,3.4
736,25.4,12.3,1.4,5.4,1.3,2.8,2.3
565,25.7,12.3,3.1,3.1,2.5,3.1,3.2
636,18.7,12.3,3.9,3.6,1.9,2.9,1.3
520,14.9,12.2,1.7,4.1,0.6,2.6,1.6
439,20.9,12.2,1.5,2.2,1.7,2.4,3.6
416,19.8,12.2,1.8,11.1,1.2,2.6,4.3
627,22.4,12.2,4.1,2.6,1.2,3.7,2.5
331,15.8,12.2,2.5,3.3,1.9,2.2,1.9
337,17.7,12.2,1.6,8.8,1.2,2.3,2.7
443,22.2,12.1,3.7,3.6,2.5,2.8,4.0
385,20.3,12.1,2.9,4.1,1.6,3.7,5.0
534,25.4,12.1,3.1,5.1,2.3,3.7,2.9
653,24.2,12.1,4.7,6.5,2.5,1.9,3.1
780,26.0,12.1,10.6,7.3,5.3,3.1,2.2
632,27.5,12.1,3.5,4.3,2.5,5.2,3.2
742,26.5,12.1,3.7,4.4,1.8,2.5,3.0
329,13.7,12.1,3.0,3.2,1.4,1.6,2.0
677,28.2,12.1,4.0,4.1,1.8,2.4,2.9
354,14.2,12.0,1.6,6.9,3.0,3.9,6.0
385,17.5,12.0,3.5,2.8,2.2,4.0,3.7
426,20.3,11.9,2.0,6.0,0.8,1.4,3.8
647,24.0,11.9,6.2,6.0,2.7,2.4,2.6
586,23.4,11.9,1.0,8.8,1.0,2.2,3.7
535,25.5,11.9,1.3,7.8,2.1,2.1,3.4
388,12.5,11.9,1.5,6.9,1.6,3.5,5.2
550,19.6,11.9,1.9,5.2,1.4,1.6,2.9
471,19.6,11.8,2.0,4.4,0.4,2.4,3.5
545,21.0,11.8,1.5,3.3,1.1,1.6,2.2
540,23.5,11.8,3.3,7.8,1.3,2.5,2.4
451,14.1,11.8,1.1,8.7,0.8,2.6,5.4
712,20.3,11.8,1.4,6.1,2.7,2.9,3.0
628,29.9,11.8,11.1,5.4,2.9,3.4,2.0
769,26.5,11.7,4.5,4.0,1.7,3.3,2.4
450,21.4,11.7,0.7,10.7,1.5,1.1,3.7
461,21.0,11.7,1.1,6.6,2.8,1.7,2.8
598,22.1,11.7,5.7,3.4,2.5,1.9,3.7
822,28.3,11.6,1.6,9.0,1.4,1.8,1.8
396,18.0,11.6,6.1,4.4,2.6,2.8,4.0
586,25.5,11.6,1.3,6.9,1.0,1.4,3.2
281,12.2,11.6,1.6,6.9,4.2,4.9,2.8
614,24.6,11.6,0.7,9.5,0.7,1.9,5.1
586,22.5,11.5,1.5,10.0,1.5,2.1,2.8
350,15.9,11.5,2.0,1.5,0.7,2.6,2.7
456,17.5,11.5,0.4,8.4,0.2,1.4,5.1
634,24.4,11.5,0.4,9.7,0.7,1.6,3.4
504,22.9,11.4,1.0,1.0,0.5,0.6,2.5
661,28.7,11.4,4.8,9.2,3.6,2.7,1.8
808,28.9,11.4,1.5,8.2,1.1,2.5,2.3
622,27.0,11.3,2.6,3.5,1.3,3.3,2.4
733,25.3,11.3,2.6,2.5,1.5,2.3,2.4
493,21.4,11.2,2.3,11.7,3.8,2.8,4.5
664,26.6,11.2,1.9,4.4,1.7,3.4,2.5
376,18.8,11.1,2.9,4.3,1.1,4.3,4.3
566,28.3,11.1,0.3,8.5,1.3,1.5,3.5
